side,price,qty
bid,63810.46,5.63059
bid,63810.45,0.22666
bid,63810.44,0.00016
bid,63810.2,0.00026
bid,63810.19,0.36447
bid,63810.0,0.00026
bid,63809.99,0.60827
bid,63809.18,0.04674
bid,63808.88,0.00008
bid,63808.21,0.00018
bid,63808.2,0.06185
bid,63808.01,0.00009
bid,63808.0,0.18823
bid,63807.99,0.3316
bid,63807.9,0.03741
bid,63807.59,0.01254
bid,63807.56,0.00023
bid,63807.51,0.0392
bid,63807.34,0.00008
bid,63807.17,0.00313
bid,63807.14,0.00008
bid,63807.08,0.02205
bid,63806.64,0.00784
bid,63806.63,0.02799
bid,63806.4,0.004
bid,63806.3,0.00032
bid,63806.22,0.10421
bid,63806.01,0.03603
bid,63806.0,1.77758
bid,63805.99,0.03015
bid,63805.84,0.35894
bid,63805.8,0.11008
bid,63805.35,0.01866
bid,63805.29,0.00008
bid,63805.26,0.00379
bid,63804.89,0.02
bid,63804.87,0.02
bid,63804.81,2.35765
bid,63804.8,0.7689
bid,63804.79,0.00008
bid,63804.58,0.15752
bid,63804.57,0.35456
bid,63804.32,0.02
bid,63804.3,0.04
bid,63804.28,0.02
bid,63804.26,0.02
bid,63804.25,0.02
bid,63804.07,0.13346
bid,63804.01,0.94306
bid,63804.0,0.02208
bid,63803.99,0.24441
bid,63803.98,0.17327
bid,63803.82,0.0392
bid,63803.8,0.08
bid,63803.61,0.00009
bid,63803.52,0.00019
bid,63803.51,0.0456
bid,63803.47,0.15673
bid,63803.3,0.00016
bid,63803.29,0.11995
bid,63803.25,0.00008
bid,63803.2,0.004
bid,63803.14,0.07699
bid,63803.09,0.02819
bid,63802.77,0.00008
bid,63802.67,1.3692
bid,63802.49,0.00008
bid,63802.43,0.00012
bid,63802.41,0.02
bid,63802.0,0.022
bid,63801.92,0.03099
bid,63801.77,0.04
bid,63801.6,0.00424
bid,63801.38,0.02
bid,63801.28,0.38366
bid,63801.21,0.00008
bid,63801.12,0.02
bid,63801.11,0.02
bid,63801.07,0.02
bid,63801.06,0.02
bid,63800.77,0.0047
bid,63800.66,0.03075
bid,63800.34,0.00009
bid,63800.33,0.03794
bid,63800.22,0.00008
bid,63800.19,2.35765
bid,63800.18,0.94306
bid,63800.02,0.00008
bid,63800.01,0.1374
bid,63800.0,0.69735
bid,63799.99,0.51684
bid,63799.98,0.00423
bid,63799.87,0.36371
bid,63799.86,0.0124
bid,63799.85,0.00032
bid,63799.6,0.15127
bid,63799.17,0.00008
bid,63798.96,0.15674
bid,63798.84,0.00032
bid,63798.4,0.00416
bid,63798.0,0.33993
bid,63797.98,0.00422
bid,63797.69,0.00009
bid,63797.67,0.00008
bid,63797.62,0.42374
bid,63797.38,0.00344
bid,63797.16,0.00019
bid,63797.13,0.00008
bid,63797.08,0.94306
bid,63796.8,0.004
bid,63796.61,0.00008
bid,63796.07,0.00012
bid,63796.01,1.64583
bid,63796.0,0.022
bid,63795.98,0.20288
bid,63795.29,0.45646
bid,63795.23,0.00009
bid,63795.2,0.00416
bid,63795.09,0.00008
bid,63794.88,0.01671
bid,63794.7,0.42376
bid,63794.64,0.00023
bid,63794.48,0.00225
bid,63794.15,0.02819
bid,63794.03,0.38366
bid,63794.02,2.35765
bid,63794.0,0.96662
bid,63793.98,0.00009
bid,63793.93,0.002
bid,63793.61,0.3037
bid,63793.6,0.004
bid,63793.55,0.0094
bid,63793.44,0.00032
bid,63793.28,0.00015
bid,63793.08,0.00009
bid,63793.04,0.00008
bid,63792.72,0.42301
bid,63792.71,0.03757
bid,63792.63,0.15675
bid,63792.39,0.00032
bid,63792.2,0.4237
bid,63792.04,0.00009
bid,63792.03,0.00008
bid,63792.0,0.07641
bid,63791.92,0.04576
bid,63791.42,0.53815
bid,63791.3,0.01906
bid,63791.0,0.00008
bid,63790.8,0.00019
bid,63790.62,0.11699
bid,63790.4,0.004
bid,63790.31,0.00059
bid,63790.29,0.002
bid,63790.13,1.32097
bid,63790.0,0.032
bid,63789.99,0.00047
bid,63789.72,0.0025
bid,63789.71,0.00012
bid,63789.58,0.00008
bid,63789.5,0.42371
bid,63789.15,0.0392
bid,63789.02,0.50767
bid,63788.96,0.00008
bid,63788.89,0.02
bid,63788.85,0.00009
bid,63788.84,0.94306
bid,63788.83,2.35765
bid,63788.8,0.00416
bid,63788.32,0.02
bid,63788.31,0.78467
bid,63788.27,0.02
bid,63788.26,0.02
bid,63788.0,0.022
bid,63787.99,0.01696
bid,63787.92,0.004
bid,63787.71,0.002
bid,63787.24,0.00008
bid,63786.92,0.00008
bid,63786.82,0.00012
bid,63786.74,0.00009
bid,63786.41,0.02
bid,63786.33,0.0047
bid,63786.26,0.02819
bid,63786.25,2.10197
bid,63786.24,1.58428
bid,63786.01,0.00008
bid,63786.0,0.022
bid,63785.94,0.00032
bid,63785.77,0.02
bid,63785.76,0.02
bid,63785.66,0.00009
bid,63785.6,0.00016
bid,63785.57,0.00032
bid,63785.37,0.02
bid,63785.15,0.00023
bid,63785.12,0.02
bid,63785.11,0.02
bid,63785.07,0.02
bid,63785.05,0.03935
bid,63785.01,0.1
bid,63784.88,0.00008
bid,63784.59,0.38366
bid,63784.55,1.50566
bid,63784.54,0.94306
bid,63784.53,2.35765
bid,63784.44,0.00019
bid,63784.37,0.42375
bid,63784.0,0.022
bid,63783.63,0.52109
bid,63783.62,0.3037
bid,63783.35,0.00012
bid,63782.85,0.00008
bid,63782.84,0.00008
bid,63782.64,0.67
bid,63782.47,0.00009
bid,63782.46,0.0392
bid,63782.4,0.00016
bid,63782.0,0.022
bid,63781.56,0.78695
bid,63781.3,0.59687
bid,63780.85,0.00156
bid,63780.84,0.00008
bid,63780.8,0.00408
bid,63780.41,0.20314
bid,63780.4,0.00009
bid,63780.25,0.02819
bid,63780.24,0.36694
bid,63780.1,1.43513
bid,63780.09,0.78477
bid,63780.02,0.94306
bid,63780.0,0.03217
bid,63779.56,2.35765
bid,63779.49,0.00032
bid,63779.28,0.00009
bid,63779.2,0.00016
bid,63779.12,0.00345
bid,63778.95,0.3959
bid,63778.85,0.00008
bid,63778.76,0.00008
bid,63778.41,0.00023
bid,63778.2,1.5539
bid,63778.08,0.00019
bid,63778.0,0.032
bid,63777.19,0.00008
bid,63777.04,0.00012
bid,63776.99,0.02012
bid,63776.76,0.38366
bid,63776.74,0.00335
bid,63776.72,0.00008
bid,63776.39,0.94306
bid,63776.09,0.00009
bid,63776.0,0.02216
bid,63775.92,0.20504
bid,63775.68,0.005
bid,63775.0,0.0025
bid,63774.68,0.00008
bid,63774.48,0.00008
bid,63774.27,2.35765
bid,63774.26,0.96833
bid,63774.06,0.00009
bid,63774.04,0.00008
bid,63774.0,0.022
bid,63773.99,0.10647
bid,63773.74,0.03134
bid,63773.62,0.94306
bid,63773.61,0.3037
bid,63773.05,0.00032
bid,63772.72,0.00626
bid,63772.69,0.00032
bid,63772.63,0.00008
bid,63772.04,0.00008
bid,63772.0,0.022
bid,63771.75,0.78488
bid,63771.72,0.00019
bid,63771.11,0.06959
bid,63770.84,0.94306
bid,63770.63,0.00012
bid,63770.59,0.00008
bid,63770.32,0.01624
bid,63770.07,0.38366
bid,63770.03,0.00008
bid,63770.0,0.032
bid,63769.9,2.35765
bid,63769.88,0.98564
bid,63769.01,0.4
bid,63768.55,0.00008
bid,63768.48,0.02
bid,63768.47,0.02
bid,63768.33,0.04224
bid,63768.18,0.94306
bid,63768.17,0.5
bid,63768.16,0.00035
bid,63768.0,0.02208
bid,63767.97,0.00008
bid,63767.9,0.02
bid,63767.85,0.04
bid,63767.72,0.00009
bid,63767.65,0.03134
bid,63767.59,0.0062
bid,63767.21,0.03134
bid,63766.6,0.00032
bid,63766.51,0.00008
bid,63766.43,0.02045
bid,63766.28,0.00032
bid,63766.04,0.00008
bid,63766.0,0.0223
bid,63765.99,0.02
bid,63765.89,0.00428
bid,63765.69,0.00432
bid,63765.6,0.0392
bid,63765.47,0.94306
bid,63765.36,0.00125
bid,63765.35,0.02
bid,63765.25,0.02
bid,63764.71,0.02
bid,63764.69,0.02
bid,63764.66,0.02
bid,63764.64,0.02
bid,63764.47,0.00008
bid,63764.42,0.3037
bid,63764.27,0.00012
bid,63764.18,0.15702
bid,63764.08,0.00204
bid,63764.02,0.15755
bid,63764.0,0.022
bid,63763.99,0.00008
bid,63763.88,0.00433
bid,63763.73,2.35765
bid,63763.72,0.78498
bid,63763.41,0.9685
bid,63762.67,0.38366
bid,63762.66,0.94306
bid,63762.59,0.01071
bid,63762.43,0.00008
bid,63762.38,0.02
bid,63762.14,0.00008
bid,63762.0,0.022
bid,63761.72,0.00008
bid,63761.41,0.029
bid,63761.38,0.00009
bid,63760.39,0.00008
bid,63760.37,0.0588
bid,63760.31,0.00008
bid,63760.15,0.00032
bid,63760.0,0.03222
bid,63759.97,0.0025
bid,63759.75,0.00032
bid,63759.3,0.00008
bid,63759.0,0.00019
bid,63758.5,0.00008
bid,63758.47,0.0392
bid,63758.42,0.94306
bid,63758.0,0.022
bid,63757.91,0.00012
bid,63757.84,0.01161
bid,63757.61,0.3037
bid,63756.92,0.01149
bid,63756.31,0.00008
bid,63756.04,0.00008
bid,63756.0,0.02208
bid,63755.81,0.00062
bid,63755.35,0.94306
bid,63755.33,0.38366
bid,63755.04,0.00009
bid,63754.63,0.00058
bid,63754.55,0.00029
bid,63754.39,0.00008
bid,63754.27,0.00008
bid,63754.25,0.0052
bid,63754.13,0.00008
bid,63754.0,0.022
bid,63753.7,0.00032
bid,63753.25,0.00032
bid,63752.94,0.00013
bid,63752.73,1.55452
bid,63752.64,0.00019
bid,63752.53,0.94306
bid,63752.51,0.02008
bid,63752.0,0.022
bid,63751.91,0.02
bid,63751.55,0.00012
bid,63750.19,0.00008
bid,63750.0,0.35263
bid,63749.99,0.00008
bid,63749.35,0.00112
bid,63749.13,0.94306
bid,63748.97,0.00008
bid,63748.96,0.00008
bid,63748.7,0.00009
bid,63748.57,0.0172
bid,63748.01,0.00009
bid,63748.0,0.022
bid,63747.99,0.15681
bid,63747.25,0.38398
bid,63747.16,0.00008
bid,63746.82,0.00032
bid,63746.64,0.00027
bid,63746.62,0.00539
bid,63746.5,0.94306
bid,63746.28,0.00019
bid,63746.18,0.00009
bid,63746.11,0.00008
bid,63746.0,0.022
bid,63745.23,0.00012
bid,63745.19,0.00012
bid,63744.94,0.0025
bid,63744.92,0.0438
bid,63744.91,2.44728
bid,63744.82,0.00008
bid,63744.0,0.02224
bid,63743.99,0.00013
bid,63743.98,0.01254
bid,63743.59,0.94306
bid,63743.51,0.0392
bid,63743.41,1.98574
bid,63742.84,0.04576
bid,63742.72,0.3037
bid,63742.36,0.00009
bid,63742.04,0.00008
bid,63742.03,0.00008
bid,63742.0,0.022
bid,63741.62,0.00784
bid,63741.17,0.00012
bid,63741.06,0.00155
bid,63740.8,0.00032
bid,63740.57,0.38366
bid,63740.37,0.00032
bid,63740.35,0.08098
bid,63740.08,0.001
bid,63740.0,0.032
bid,63739.92,0.00019
bid,63739.79,0.00008
bid,63739.55,0.15681
bid,63738.83,0.00012
bid,63738.01,0.00008
bid,63738.0,0.022
bid,63737.75,3.16297
bid,63737.25,0.00008
bid,63736.94,0.00843
bid,63736.59,1.55492
bid,63736.2,0.00008
bid,63736.04,0.00008
bid,63736.02,0.00009
bid,63736.0,0.022
bid,63735.91,0.00008
bid,63735.68,0.15681
bid,63735.29,0.00053
bid,63735.1,0.00008
bid,63734.41,0.3037
bid,63734.35,0.00032
bid,63734.0,0.022
bid,63733.68,0.00032
bid,63733.6,0.00008
bid,63733.56,0.00019
bid,63732.47,0.00012
bid,63732.0,0.022
bid,63731.63,0.15681
bid,63731.6,0.00008
bid,63730.98,0.00009
bid,63730.42,0.38366
bid,63730.07,0.0003
bid,63730.0,0.032
bid,63729.8,0.0025
bid,63729.79,0.00008
bid,63729.68,0.00009
bid,63729.42,0.00008
bid,63728.0,0.022
bid,63727.9,0.00032
bid,63727.73,0.00008
bid,63727.61,0.3037
bid,63727.27,0.00046
bid,63727.2,0.00019
bid,63726.11,0.00012
bid,63726.04,0.00008
bid,63726.0,0.022
bid,63725.72,0.00008
bid,63725.38,0.00784
bid,63724.93,0.0024
bid,63724.5,0.00008
bid,63724.13,0.00054
bid,63724.0,0.022
bid,63723.97,0.00022
bid,63723.68,0.00008
bid,63723.53,0.00627
bid,63723.44,0.00008
bid,63723.34,0.00009
bid,63722.92,0.38366
bid,63722.28,0.00008
bid,63722.06,0.00008
bid,63722.0,0.022
bid,63721.79,0.02642
bid,63721.55,0.16306
bid,63721.54,4.71299
bid,63721.45,0.00032
bid,63721.1,0.00019
bid,63720.84,0.00051
bid,63720.04,0.00008
bid,63720.0,0.03217
bid,63719.81,0.3037
bid,63719.75,0.00012
bid,63719.6,0.00008
bid,63718.74,0.14113
bid,63718.12,0.00014
bid,63718.0,0.022
bid,63717.56,0.00008
bid,63717.46,0.00494
bid,63717.39,0.00008
bid,63717.14,0.00008
bid,63717.0,0.00009
bid,63716.21,0.00027
bid,63716.0,0.022
bid,63715.14,0.00008
bid,63715.0,0.00032
bid,63714.5,0.00023
bid,63714.49,0.0025
bid,63714.48,0.00019
bid,63714.28,0.0007
bid,63714.15,0.00032
bid,63714.0,0.022
bid,63713.42,0.00012
bid,63713.39,0.00012
bid,63713.05,0.3037
bid,63712.86,0.00008
bid,63712.5,0.00018
bid,63712.23,0.00011
bid,63712.0,0.02216
bid,63711.75,0.00008
bid,63711.42,0.38366
bid,63710.77,0.04645
bid,63710.68,0.00008
bid,63710.66,0.00009
bid,63710.5,0.00008
bid,63710.17,0.00009
bid,63710.14,0.04578
bid,63710.0,0.032
bid,63709.67,0.00105
bid,63709.4,0.00008
bid,63708.55,0.00032
bid,63708.36,0.00046
bid,63708.12,0.00009
bid,63708.1,0.001
bid,63708.0,0.022
bid,63707.68,0.0004
bid,63707.61,0.0392
bid,63707.37,0.00008
bid,63707.03,0.00012
bid,63706.0,0.022
bid,63705.88,0.00541
bid,63705.39,0.00008
bid,63705.07,0.0002
bid,63705.0,0.00266
bid,63704.52,0.07208
bid,63704.32,0.00009
bid,63704.27,0.3037
bid,63704.0,0.022
bid,63703.97,0.00105
bid,63703.77,0.00008
bid,63702.88,0.00008
bid,63702.67,0.00027
bid,63702.14,0.00008
bid,63702.11,0.00032
bid,63702.0,0.022
bid,63701.76,0.0001
bid,63701.25,0.00008
bid,63701.05,0.00032
bid,63700.72,0.01773
bid,63700.0,0.06372
bid,63699.93,0.12943
bid,63699.92,0.38366
bid,63699.69,0.00193
bid,63699.33,0.00008
bid,63699.17,0.00009
bid,63699.0,0.00008
bid,63698.24,0.0392
bid,63697.98,0.00009
bid,63697.92,0.00008
bid,63697.61,0.3037
bid,63697.44,0.00009
bid,63697.24,0.00033
bid,63697.17,0.00008
bid,63697.12,0.00736
bid,63696.3,4.71486
bid,63696.14,0.00008
bid,63696.0,0.00008
bid,63695.67,0.00016
bid,63695.66,0.00032
bid,63695.65,0.00018
bid,63695.45,0.00027
bid,63694.64,0.00032
bid,63694.18,0.00027
bid,63694.14,0.00008
bid,63692.3,0.00297
bid,63692.25,0.00011
bid,63692.05,0.00018
bid,63692.01,1.88
bid,63691.66,0.00019
bid,63691.57,0.00008
bid,63691.13,0.00013
bid,63691.06,0.00008
bid,63690.47,0.0001
bid,63690.0,0.01285
bid,63689.67,0.00008
bid,63689.35,0.0392
bid,63689.28,0.3037
bid,63689.21,0.00032
bid,63689.04,0.00019
bid,63688.9,0.38366
bid,63688.38,0.00015
bid,63688.18,0.00032
bid,63688.1,0.00012
bid,63688.0,0.00014
bid,63687.83,0.6999
bid,63687.67,0.00012
bid,63686.98,0.00009
bid,63686.95,0.00008
bid,63686.44,0.00009
bid,63686.25,0.00008
bid,63685.99,0.00076
bid,63685.87,0.00043
bid,63685.4,0.00077
bid,63685.16,0.00008
bid,63685.08,0.001
bid,63685.0,0.0008
bid,63684.95,0.00008
bid,63684.67,0.00008
bid,63684.35,0.00139
bid,63683.94,0.01055
bid,63683.43,0.00067
bid,63683.2,0.00008
bid,63682.89,0.3037
bid,63682.76,0.00032
bid,63682.37,0.00009
bid,63682.08,0.0001
bid,63681.81,0.00009
bid,63681.61,0.00012
bid,63681.48,0.00008
bid,63681.4,0.00032
bid,63680.87,0.00008
bid,63680.65,0.00025
bid,63680.54,0.00208
bid,63680.43,0.00046
bid,63680.03,0.00025
bid,63680.0,0.01066
bid,63679.59,0.0392
bid,63679.3,0.00009
bid,63678.96,0.00009
bid,63678.67,0.00008
bid,63677.41,0.38403
bid,63677.04,0.00008
bid,63676.5,0.30416
bid,63676.47,0.00012
bid,63676.32,0.0001
bid,63676.31,0.00032
bid,63675.53,0.00441
bid,63675.46,0.00117
bid,63675.32,0.00045
bid,63674.99,0.01278
bid,63674.79,0.0048
bid,63674.76,0.00008
bid,63674.64,0.00008
bid,63674.51,0.00032
bid,63674.07,0.15613
bid,63674.05,0.00078
bid,63673.71,0.00008
bid,63673.5,0.00008
bid,63673.06,0.00013
bid,63673.0,0.00009
bid,63672.67,0.00009
bid,63672.5,0.0013
bid,63672.4,0.00008
bid,63672.08,0.00023
bid,63672.05,0.00009
bid,63672.0,0.00008
bid,63671.68,0.00009
bid,63671.45,0.00008
bid,63670.66,0.00008
bid,63670.6,0.00013
bid,63670.15,0.00079
bid,63670.11,0.3037
bid,63670.0,0.01058
bid,63669.96,0.00009
bid,63669.86,0.00032
bid,63669.19,0.0001
bid,63669.0,0.00008
bid,63668.98,0.00013
bid,63668.64,0.00008
bid,63668.33,0.00027
bid,63668.16,0.00009
bid,63667.76,0.00075
bid,63667.55,0.00145
bid,63667.41,0.0392
bid,63667.39,0.00008
bid,63667.22,0.00008
bid,63667.18,0.00023
bid,63666.87,0.00016
bid,63666.66,0.017
bid,63666.09,0.025
bid,63665.92,0.38366
bid,63665.88,0.00024
bid,63665.39,0.00016
bid,63665.22,0.00008
bid,63664.7,0.00031
bid,63664.67,5.97379
bid,63663.72,0.3037
bid,63663.63,0.00017
bid,63663.6,0.0001
bid,63663.41,0.00032
bid,63662.93,1.2
bid,63662.82,0.00018
bid,63662.53,0.00008
bid,63662.43,0.0001
bid,63662.41,0.00009
bid,63662.02,0.00008
bid,63661.97,0.00253
bid,63661.59,4.71741
bid,63661.57,0.00042
bid,63661.41,0.00009
bid,63660.95,0.00013
bid,63660.8,0.001
bid,63660.72,0.00061
bid,63660.58,0.00015
bid,63660.5,0.00008
bid,63660.39,0.00012
bid,63660.28,0.00008
bid,63660.0,0.01059
bid,63659.94,0.00009
bid,63659.64,0.00008
bid,63657.91,0.00008
bid,63657.62,0.00109
bid,63657.33,0.31312
bid,63657.18,0.03951
bid,63656.97,0.00032
bid,63656.58,0.09187
bid,63656.56,0.00008
bid,63656.14,0.00012
bid,63656.05,0.00008
bid,63655.88,0.00552
bid,63655.86,0.00036
bid,63655.73,0.0001
bid,63655.7,0.00047
bid,63655.62,0.00008
bid,63655.59,0.00029
bid,63655.58,0.00023
bid,63655.02,0.01357
bid,63654.54,0.00009
bid,63654.44,0.00338
bid,63654.43,0.38366
bid,63654.22,0.00063
bid,63653.82,0.00008
bid,63653.23,4.71805
bid,63652.35,0.00008
bid,63652.01,0.00235
bid,63652.0,0.00053
bid,63651.82,0.00008
bid,63651.77,0.00818
bid,63651.06,0.00048
bid,63650.99,0.0001
bid,63650.94,0.3037
bid,63650.52,0.00032
bid,63650.5,0.00009
bid,63650.39,0.0006
bid,63650.31,0.00008
bid,63650.05,0.00008
bid,63650.03,0.00015
bid,63650.0,7.87927
bid,63649.54,0.00009
bid,63649.22,0.00008
bid,63649.17,0.00008
bid,63649.0,0.00034
bid,63648.74,0.0001
bid,63648.7,0.00011
bid,63648.62,0.00009
bid,63648.01,0.00778
bid,63648.0,0.00024
bid,63647.69,0.00008
bid,63647.65,0.01882
bid,63647.53,0.0392
bid,63647.05,0.00633
bid,63646.88,0.00008
bid,63646.71,0.00177
bid,63645.66,0.00088
bid,63645.61,0.00008
bid,63645.1,0.0301
bid,63644.55,0.3037
bid,63644.2,0.00008
bid,63644.07,0.00032
bid,63643.96,0.00026
bid,63643.86,0.14244
bid,63643.8,0.00097
bid,63643.67,0.00008
bid,63643.65,0.00025
bid,63643.27,0.00008
bid,63643.16,0.00217
bid,63642.94,0.38366
bid,63642.42,0.00023
bid,63641.76,0.00176
bid,63641.74,0.00041
bid,63641.45,0.00008
bid,63640.92,0.00009
bid,63640.8,0.00012
bid,63640.47,0.00009
bid,63640.13,0.00008
bid,63640.0,0.01153
bid,63639.8,0.00008
bid,63639.04,0.00969
bid,63639.03,3.98746
bid,63638.8,0.00031
bid,63638.44,0.00008
bid,63638.29,0.00009
bid,63638.26,0.00366
bid,63638.17,0.00008
bid,63638.16,0.3038
bid,63637.62,0.00032
bid,63637.25,0.02443
bid,63637.11,0.00025
bid,63636.2,0.00008
bid,63636.0,0.00008
bid,63635.96,0.00139
bid,63635.71,0.00035
bid,63635.31,0.0002
bid,63635.21,0.00028
bid,63634.78,0.0019
bid,63634.72,0.00016
bid,63634.31,0.00032
bid,63634.17,0.00568
bid,63634.12,0.00008
bid,63634.02,0.00008
bid,63633.33,0.00258
bid,63633.01,0.00008
bid,63633.0,0.00785
bid,63632.69,0.0392
bid,63631.94,0.06268
bid,63631.91,0.02743
bid,63631.8,0.00009
bid,63631.78,0.00013
bid,63631.77,0.3037
bid,63631.64,0.00022
bid,63631.45,0.38366
bid,63631.25,0.00008
bid,63631.17,0.00032
bid,63631.1,0.00009
bid,63630.95,0.00293
bid,63630.76,0.00009
bid,63630.64,0.00015
bid,63630.53,0.0031
bid,63630.0,0.0105
bid,63629.95,0.00008
bid,63628.89,0.00008
bid,63628.45,0.00009
bid,63628.02,0.01882
bid,63627.46,0.00009
bid,63627.04,0.00009
bid,63626.8,0.00015
bid,63625.48,0.001
bid,63625.44,0.0001
bid,63625.39,0.00017
bid,63625.38,0.3037
bid,63625.0,0.00212
bid,63624.96,0.00009
bid,63624.72,0.00032
bid,63624.63,0.03032
bid,63624.39,0.00016
bid,63623.76,0.00039
bid,63622.11,0.00338
bid,63621.9,0.00009
bid,63621.36,0.00008
bid,63621.18,0.00032
bid,63620.61,2.45175
bid,63620.0,0.01089
bid,63619.61,0.00233
bid,63619.21,0.00028
bid,63619.13,9.44107
bid,63619.04,0.00022
bid,63618.99,0.3037
bid,63618.85,0.01143
bid,63618.56,0.00009
bid,63618.27,0.00032
bid,63618.11,0.00012
bid,63618.1,0.00011
bid,63617.76,0.00039
bid,63617.73,0.00008
bid,63616.79,0.00019
bid,63616.66,0.00228
bid,63616.0,0.00016
bid,63615.56,0.00009
bid,63615.53,0.02909
bid,63614.81,0.00032
bid,63614.25,0.08425
bid,63614.0,0.02951
bid,63613.66,0.00008
bid,63612.9,0.00009
bid,63612.72,0.00019
bid,63612.6,0.3037
bid,63612.2,0.00009
bid,63611.83,0.00032
bid,63611.76,0.00012
bid,63611.74,0.00014
bid,63611.54,0.0025
bid,63611.11,0.00023
bid,63610.52,0.00044
bid,63610.29,0.00017
bid,63610.0,0.01065
bid,63609.87,0.02335
bid,63609.25,0.00026
bid,63608.84,0.00265
bid,63608.69,0.00009
bid,63608.6,0.00008
bid,63608.33,0.00024
bid,63607.52,0.0001
bid,63607.1,0.00882
bid,63607.09,0.00557
bid,63606.21,0.30395
bid,63605.53,0.00014
bid,63605.38,0.00032
bid,63605.12,0.00563
bid,63604.7,0.00009
bid,63604.63,0.0001
bid,63604.42,0.00015
bid,63604.05,0.00767
bid,63602.0,0.00064
bid,63601.94,0.003
bid,63601.75,0.00047
bid,63600.0,1.13959
bid,63599.85,0.00038
bid,63599.82,0.3037
bid,63599.78,0.00026
bid,63599.3,0.00076
bid,63599.14,0.00032
bid,63598.93,0.00032
bid,63598.2,0.00009
bid,63596.62,0.00061
bid,63595.0,0.002
bid,63594.94,0.00009
bid,63594.73,0.00752
bid,63593.44,0.3037
bid,63592.7,0.05418
bid,63590.9,0.00014
bid,63590.76,0.00338
bid,63590.3,0.0001
bid,63589.26,0.00013
bid,63589.1,0.00346
bid,63588.51,0.00009
bid,63588.23,0.00559
bid,63587.5,0.0001
bid,63587.04,0.3037
bid,63586.33,0.00452
bid,63586.22,0.00009
bid,63585.22,0.00011
bid,63584.89,0.00104
bid,63584.75,0.00077
bid,63584.68,9.44628
bid,63584.24,0.14373
bid,63584.08,0.06715
bid,63584.0,0.0016
bid,63583.95,0.00008
bid,63583.07,0.00037
bid,63582.48,9.44661
bid,63582.23,0.00027
bid,63581.83,0.02472
bid,63580.98,0.0002
bid,63580.65,0.3037
bid,63580.6,0.00019
bid,63580.22,0.00009
bid,63580.0,0.0105
bid,63578.8,0.00008
bid,63578.76,0.0001
bid,63578.16,0.0002
bid,63577.56,1.01
bid,63577.02,0.0001
bid,63576.92,0.00008
bid,63576.81,0.0001
bid,63576.69,0.00009
bid,63576.67,0.00008
bid,63576.6,0.00015
bid,63576.21,0.01846
bid,63576.1,0.00058
bid,63575.75,0.00452
bid,63575.65,0.00014
bid,63574.56,0.00051
bid,63574.27,0.3037
bid,63573.77,0.00152
bid,63573.65,0.00008
bid,63573.24,0.00009
bid,63572.81,0.00893
bid,63572.5,0.00266
bid,63572.0,0.00017
bid,63571.42,0.00125
bid,63570.73,0.00009
bid,63570.59,0.00013
bid,63569.72,0.07397
bid,63569.08,0.00013
bid,63568.5,0.00008
bid,63568.16,0.00037
bid,63567.88,0.3037
bid,63567.6,0.00061
bid,63567.31,0.00039
bid,63566.66,0.0002
bid,63566.01,0.00868
bid,63566.0,0.01574
bid,63565.73,0.11596
bid,63563.89,0.00065
bid,63563.63,0.00018
bid,63563.36,0.00008
bid,63563.15,0.00046
bid,63562.92,0.00168
bid,63562.5,0.00011
bid,63561.76,0.00403
bid,63561.67,0.001
bid,63561.51,0.0004
bid,63561.49,0.3037
bid,63560.87,0.00011
bid,63560.86,0.03032
bid,63560.44,0.00053
bid,63559.68,0.00027
bid,63559.37,0.00009
bid,63558.21,0.00008
bid,63557.83,0.11416
bid,63557.77,0.00009
bid,63557.2,0.00011
bid,63556.96,0.00012
bid,63556.72,0.00011
bid,63555.48,0.00009
bid,63555.15,0.01799
bid,63555.1,0.3037
bid,63555.0,0.00015
bid,63554.85,0.00022
bid,63554.75,0.00009
bid,63553.76,0.00009
bid,63553.63,0.0004
bid,63553.62,0.00016
bid,63553.44,0.00009
bid,63553.43,0.00009
bid,63553.29,0.00013
bid,63553.27,0.00085
bid,63553.06,0.00008
bid,63552.0,0.00033
bid,63551.23,0.00042
bid,63550.86,0.00009
bid,63550.6,0.00032
bid,63550.18,0.00014
bid,63550.0,0.05171
bid,63548.95,0.00046
bid,63548.38,0.00125
bid,63547.98,0.00033
bid,63547.1,0.00043
bid,63545.82,0.00009
bid,63544.28,0.00088
bid,63543.86,0.00089
bid,63543.84,0.00009
bid,63542.85,0.00028
bid,63542.19,0.00206
bid,63541.77,0.00032
bid,63541.28,0.0001
bid,63541.16,0.00012
bid,63540.43,0.00234
bid,63540.39,0.00047
bid,63540.0,0.04999
bid,63539.48,0.00026
bid,63539.23,0.00019
bid,63538.53,0.0001
bid,63538.0,0.00799
bid,63537.69,0.00046
bid,63536.84,0.00015
bid,63536.73,0.00634
bid,63536.4,0.00009
bid,63535.61,0.00045
bid,63535.47,0.00581
bid,63535.15,0.00032
bid,63534.73,0.00009
bid,63533.98,0.00015
bid,63533.62,0.06268
bid,63532.95,0.00015
bid,63532.72,0.00134
bid,63531.25,0.00008
bid,63531.01,0.00026
bid,63529.41,0.01226
bid,63528.41,0.00009
bid,63528.17,0.01
bid,63527.58,1.9
bid,63526.8,0.00009
bid,63526.74,0.00045
bid,63526.28,0.0001
bid,63526.27,0.00019
bid,63525.53,0.01918
bid,63525.22,0.27043
bid,63524.98,0.00008
bid,63524.6,0.00014
bid,63524.36,0.00029
bid,63523.66,0.00009
bid,63522.86,0.00157
bid,63522.46,0.00022
bid,63522.13,0.00032
bid,63522.0,0.00314
bid,63521.58,0.00008
bid,63521.35,0.00014
bid,63520.6,0.00009
bid,63520.0,0.34469
bid,63519.71,0.0001
bid,63518.87,0.00039
bid,63518.53,0.00157
bid,63517.32,0.00009
bid,63516.19,0.00019
bid,63516.12,0.0001
bid,63515.35,0.00012
bid,63514.81,0.00104
bid,63514.53,0.00338
bid,63514.52,0.26334
bid,63514.28,0.00008
bid,63514.25,0.00011
bid,63513.86,0.03473
bid,63512.46,0.01556
bid,63511.15,0.00013
bid,63510.64,0.0001
bid,63510.09,0.00022
bid,63510.0,0.02236
bid,63509.66,0.06268
bid,63509.33,0.00024
bid,63508.24,0.00011
bid,63507.83,0.00496
bid,63507.78,0.00009
bid,63506.65,0.1
bid,63504.05,0.00586
bid,63504.0,0.00017
bid,63502.96,0.00011
bid,63502.38,0.00009
bid,63500.04,0.02774
bid,63500.0,2.26455
bid,63499.97,0.0001
bid,63498.97,0.00025
bid,63498.24,0.0001
bid,63497.7,0.0001
bid,63496.16,0.00012
bid,63495.95,0.00257
bid,63495.49,0.00037
bid,63492.66,0.01892
bid,63492.29,0.01907
bid,63491.9,0.00009
bid,63491.59,0.00008
bid,63491.21,0.00028
bid,63490.94,0.00009
bid,63488.55,0.00338
bid,63488.54,0.06824
bid,63486.64,0.00157
bid,63486.47,0.00949
bid,63485.5,0.00022
bid,63484.91,0.00008
bid,63482.28,0.00058
bid,63482.0,0.0001
bid,63481.03,0.00026
bid,63480.75,0.30968
bid,63480.0,0.02018
bid,63479.34,0.00011
bid,63478.33,0.00017
bid,63477.0,0.09861
bid,63476.38,0.00308
bid,63473.68,0.00022
bid,63471.38,0.02382
bid,63471.16,0.00075
bid,63470.94,0.00009
bid,63470.36,0.07658
bid,63469.93,0.00009
bid,63469.16,0.00203
bid,63468.96,0.0009
bid,63468.42,0.00017
bid,63468.06,0.0001
bid,63468.0,0.00012
bid,63467.55,0.00018
bid,63466.55,0.00009
bid,63464.93,0.00024
bid,63464.56,0.00232
bid,63463.88,0.001
bid,63463.45,0.00012
bid,63460.93,0.00014
bid,63460.0,0.01507
bid,63459.93,0.00037
bid,63459.1,0.00157
bid,63458.28,0.00016
bid,63457.94,0.00041
bid,63457.14,0.00009
bid,63456.0,0.00029
bid,63455.01,0.00022
bid,63454.46,0.00009
bid,63454.09,0.00014
bid,63452.87,0.00027
bid,63451.5,0.00304
bid,63450.05,0.00017
bid,63450.0,1.5639
bid,63449.1,0.00157
bid,63447.8,0.00008
bid,63447.01,0.00025
bid,63446.0,0.00241
bid,63444.46,0.0025
bid,63441.95,0.0001
bid,63441.37,0.00013
bid,63441.0,0.00009
bid,63440.0,0.01651
bid,63439.32,0.00009
bid,63439.3,0.00009
bid,63438.66,0.00046
bid,63437.71,0.00027
bid,63436.31,0.35462
bid,63435.11,0.0001
bid,63434.78,0.00018
bid,63433.11,0.00232
bid,63432.26,0.00024
bid,63432.0,0.0599
bid,63428.72,0.00009
bid,63428.57,0.00497
bid,63428.43,0.001
bid,63427.13,0.00021
bid,63425.57,0.04056
bid,63422.71,0.00054
bid,63422.35,0.00047
bid,63421.92,0.0001
bid,63421.55,0.00368
bid,63421.08,0.00023
bid,63420.99,0.00339
bid,63420.06,0.00612
bid,63419.27,0.00279
bid,63415.43,0.00138
bid,63414.8,0.0348
bid,63413.95,0.0072
bid,63413.38,0.00013
bid,63411.65,0.00048
bid,63410.49,0.00013
bid,63410.17,0.00353
bid,63410.05,0.00009
bid,63409.95,0.00009
bid,63409.36,0.00235
bid,63408.65,0.00041
bid,63408.0,0.00008
bid,63407.41,0.00057
bid,63407.08,0.00337
bid,63406.35,0.00021
bid,63405.75,0.0006
bid,63405.47,0.00012
bid,63405.0,0.00012
bid,63404.14,0.0077
bid,63401.33,0.00011
bid,63400.34,0.00011
bid,63400.0,3.98829
bid,63399.09,0.00017
bid,63397.09,0.01594
bid,63396.0,0.213
bid,63391.9,0.40608
bid,63390.69,0.0002
bid,63388.88,0.00114
bid,63388.0,0.01706
bid,63387.56,0.2304
bid,63386.89,0.00015
bid,63386.75,0.0001
bid,63385.32,0.0001
bid,63383.88,0.0018
bid,63380.95,0.00019
bid,63380.0,0.17713
bid,63377.77,0.00009
bid,63377.15,0.00094
bid,63373.68,0.00017
bid,63373.29,0.00037
bid,63372.56,0.001
bid,63371.24,0.0002
bid,63369.12,0.00009
bid,63364.1,0.00009
bid,63363.98,0.00035
bid,63363.32,0.00009
bid,63362.69,0.00387
bid,63360.43,0.00009
bid,63360.0,1.07047
bid,63358.81,0.00011
bid,63358.53,0.00012
bid,63356.47,0.00029
bid,63355.35,0.00473
bid,63354.7,0.03193
bid,63350.73,0.00009
bid,63350.61,0.02565
bid,63350.0,0.6891
bid,63348.57,0.00035
bid,63347.99,0.00026
bid,63347.52,0.46501
bid,63345.72,0.00024
bid,63345.0,0.0121
bid,63343.97,0.00015
bid,63340.12,0.0002
bid,63337.88,0.00017
bid,63337.5,0.00011
bid,63335.19,0.20718
bid,63334.51,0.00048
bid,63333.7,0.00033
bid,63333.62,0.00017
bid,63333.33,0.10429
bid,63329.35,0.20727
bid,63327.0,0.06316
bid,63326.7,0.00045
bid,63320.39,0.0001
bid,63320.0,1.17714
bid,63318.33,0.00442
bid,63315.96,0.00009
bid,63313.0,0.01296
bid,63312.0,0.00015
bid,63310.53,0.00021
bid,63310.1,0.0005
bid,63308.4,0.00039
bid,63308.25,0.00009
bid,63307.46,0.00015
bid,63305.49,11.86041
bid,63304.42,0.02
bid,63303.17,0.5325
bid,63302.33,0.00029
bid,63301.0,0.00214
bid,63300.24,0.00009
bid,63300.0,12.95337
bid,63299.51,0.00009
bid,63298.82,0.021
bid,63296.0,0.02414
bid,63289.6,0.00615
bid,63286.46,0.0002
bid,63283.87,0.00015
bid,63281.89,0.00009
bid,63280.0,0.17197
bid,63277.83,0.00012
bid,63275.45,0.00061
bid,63274.0,0.00521
bid,63273.89,0.00031
bid,63258.85,0.60977
bid,63257.44,0.00596
bid,63254.54,0.00018
bid,63253.0,0.33924
bid,63252.46,0.00182
bid,63250.67,0.00077
bid,63250.28,0.00009
bid,63250.0,2.37277
bid,63240.0,0.10025
bid,63238.0,0.23441
bid,63230.46,0.00012
bid,63229.7,0.0058
bid,63229.0,0.00104
bid,63226.99,0.00215
bid,63223.68,0.00142
bid,63221.47,0.00186
bid,63216.69,0.0002
bid,63215.14,0.00067
bid,63214.56,0.69826
bid,63212.01,0.00008
bid,63210.26,0.00079
bid,63209.21,0.00024
bid,63209.18,0.00645
bid,63207.58,0.00012
bid,63200.0,10.63765
bid,63198.68,0.26085
bid,63198.42,0.00077
bid,63194.59,0.00032
bid,63193.16,0.00262
bid,63185.43,0.00665
bid,63183.16,0.00017
bid,63170.3,0.79967
bid,63157.14,0.00008
bid,63155.01,0.00009
bid,63152.88,0.00009
bid,63149.36,0.00367
bid,63138.0,0.00063
bid,63125.0,0.02719
bid,63121.82,0.00279
bid,63120.0,0.08917
bid,63118.01,0.00476
bid,63117.68,0.00158
bid,63112.5,0.00039
bid,63110.2,0.01
bid,63100.0,9.34181
bid,63099.74,0.00079
bid,63093.96,0.00019
bid,63092.79,0.00039
bid,63084.29,0.00079
bid,63083.98,0.002
bid,63077.16,0.0002
bid,63070.5,0.00029
bid,63062.03,0.00038
bid,63042.02,0.00011
bid,63039.32,0.00098
bid,63038.66,0.00047
bid,63024.04,0.01138
bid,63011.0,0.01556
bid,63008.34,0.00052
bid,63000.0,87.33829
bid,62984.67,0.0096
bid,62967.76,0.00049
bid,62958.0,0.00035
bid,62955.71,0.00016
bid,62953.09,0.00033
bid,62918.75,0.0002
bid,62915.88,0.00057
bid,62911.94,0.00014
bid,62908.0,0.00054
bid,62904.11,0.00021
bid,62900.0,11.45683
bid,62899.4,0.00016
bid,62899.13,0.00012
bid,62896.65,0.00012
bid,62896.2,0.00026
bid,62895.1,0.00013
bid,62894.21,0.00038
bid,62888.0,6.04197
bid,62886.33,0.0008
bid,62882.84,0.26214
bid,62880.43,0.00065
bid,62877.09,11.94061
bid,62874.27,0.00009
bid,62874.14,0.001
bid,62872.16,0.00377
bid,62866.63,0.00009
bid,62866.0,1.00781
bid,62858.9,0.00079
bid,62858.75,0.00009
bid,62856.66,0.00103
bid,62849.64,0.00022
bid,62833.15,0.00011
bid,62828.0,0.1
bid,62825.76,0.00279
bid,62821.31,0.0001
bid,62800.0,22.61205
bid,62798.83,0.00016
bid,62793.75,0.00021
bid,62788.33,0.00039
bid,62783.9,0.00045
bid,62780.91,0.00009
bid,62780.64,0.00165
bid,62777.99,0.0014
bid,62777.0,0.0566
bid,62774.4,0.00105
bid,62760.69,0.00011
bid,62760.0,0.01933
bid,62755.6,0.00009
bid,62752.38,0.08764
bid,62750.0,1.04947
bid,62748.0,0.00012
bid,62746.03,0.00039
bid,62739.98,0.00009
bid,62723.12,0.00009
bid,62722.0,0.2076
bid,62704.12,0.00085
bid,62700.0,12.74837
bid,62696.84,0.00065
bid,62682.68,0.00018
bid,62650.0,4.1172
bid,62638.66,0.00047
bid,62625.69,0.00053
bid,62600.0,3.84249
bid,62567.0,0.26883
bid,62555.0,0.42999
bid,62550.0,4.38973
bid,62531.09,0.00454
bid,62530.05,0.00024
bid,62527.0,0.29595
bid,62526.98,0.00049
bid,62520.0,0.37941
bid,62517.8,0.00182
bid,62501.0,2.41217
bid,62500.0,64.99502
bid,62468.85,0.00016
bid,62452.65,0.00033
bid,62410.0,0.0064
bid,62400.0,13.6079
bid,62375.0,0.00974
bid,62371.51,0.00022
bid,62355.0,0.04409
bid,62310.13,0.00032
bid,62300.0,13.8772
bid,62292.72,0.00901
bid,62276.5,0.00016
bid,62243.05,0.00053
bid,62238.66,0.00047
bid,62237.8,0.00279
bid,62222.0,2.01262
bid,62200.0,7.42428
bid,62199.25,0.00066
bid,62190.0,0.51974
bid,62185.44,0.00084
bid,62150.39,0.00098
bid,62111.0,0.41459
bid,62100.0,18.51574
bid,62089.29,0.00049
bid,62000.0,117.96548
bid,61957.77,0.00009
bid,61945.89,0.00279
bid,61900.0,6.00864
bid,61899.99,0.3
bid,61866.59,0.00025
bid,61860.41,0.00053
bid,61838.66,0.00294
bid,61822.0,0.00038
bid,61804.26,0.00009
bid,61800.0,19.65307
bid,61747.85,0.00023
bid,61705.6,0.00067
bid,61681.87,0.05492
bid,61666.66,0.10294
bid,61655.34,0.00279
bid,61654.66,0.0005
bid,61534.19,0.00009
bid,61533.71,0.00009
bid,61500.21,0.00144
bid,61500.0,65.6028
bid,61477.77,0.00054
bid,61442.93,0.00325
bid,61438.66,0.00048
bid,61400.0,2.70553
bid,61388.0,0.37119
bid,61377.0,6.0
bid,61372.0,0.00145
bid,61366.16,0.00432
bid,61300.0,8.31469
bid,61255.0,0.04809
bid,61240.08,0.00035
bid,61223.07,0.0005
bid,61215.88,0.00067
bid,61172.41,0.00009
bid,61095.13,0.00054
bid,61078.34,0.00279
bid,61061.0,0.00543
bid,61038.66,0.00048
bid,61000.0,82.19913
bid,60900.0,2.50199
bid,60794.5,0.0005
bid,60791.87,0.00279
bid,60750.0,2.92592
bid,60730.04,0.00068
bid,60712.49,0.00054
bid,60676.28,0.00013
bid,60668.57,0.00037
bid,60667.57,0.0002
bid,60666.22,0.0001
bid,60661.31,0.0001
bid,60651.6,0.00132
bid,60645.82,0.0001
bid,60638.66,0.00049
bid,60600.0,114.81222
bid,60597.32,0.00032
bid,60590.99,0.0001
bid,60547.2,0.00095
bid,60506.73,0.00279
bid,60500.0,21.95423
bid,60400.0,3.57883
bid,60368.93,0.00051
bid,60329.84,0.00055
bid,60255.0,0.00034
bid,60250.0,2.86488
bid,60248.05,0.00068
bid,60238.66,0.00049
bid,60222.94,0.00454
bid,60021.0,0.03015
bid,60011.47,0.00017
bid,60000.0,180.0615
bid,59947.2,0.00214
bid,59946.34,0.00051
bid,59940.48,0.00279
bid,59900.0,1.77663
bid,59892.79,0.0001
bid,59838.66,0.00049
bid,59800.0,7.10591
bid,59784.83,0.00555
bid,59769.89,0.00069
bid,59659.34,0.00279
bid,59564.56,0.00056
bid,59540.0,0.00064
bid,59526.71,0.00052
bid,59520.0,0.3454
bid,59500.0,36.7416
bid,59400.49,0.00015
bid,59400.0,9.75818
bid,59379.52,0.00279
bid,59255.0,0.00675
bid,59222.0,0.02544
bid,59101.02,0.00432
bid,59000.0,76.55286
bid,58900.0,4.29088
bid,58888.0,8.92665
bid,58823.82,0.00279
bid,58756.77,0.00271
bid,58744.0,0.00863
bid,58734.69,0.03858
bid,58727.27,0.00561
bid,58614.38,0.00034
bid,58613.81,0.00016
bid,58547.92,0.00279
bid,58440.0,0.00834
bid,58400.0,1.65312
bid,58391.51,0.02568
bid,58273.31,0.00279
bid,58255.0,0.00585
bid,58097.0,0.001
bid,58000.0,177.47801
bid,57900.0,6.16475
bid,57800.0,20.35945
bid,57500.0,150.32626
bid,57494.11,0.00016
bid,57493.0,0.00461
bid,57492.34,0.4
bid,57491.45,0.00168
bid,57491.44,0.00078
bid,57491.0,0.43485
bid,57490.0,0.00869
bid,57488.0,0.00173
bid,57487.5,0.00106
bid,57487.0,0.01254
bid,57486.0,0.00629
bid,57485.0,0.03357
bid,57482.0,0.00173
bid,57481.0,0.00877
bid,57480.0,0.04231
bid,57479.45,0.0002
bid,57479.0,0.01216
bid,57476.0,0.00699
bid,57475.0,0.19162
bid,57474.0,0.0005
bid,57473.99,0.15659
bid,57473.0,0.01739
bid,57472.74,0.00104
bid,57472.0,0.0001
bid,57470.58,0.00348
bid,57470.0,0.06673
bid,57469.0,0.0013
bid,57468.87,0.0002
bid,57468.6,0.00146
bid,57467.0,0.00599
bid,57466.0,0.001
bid,57465.0,0.02088
bid,57464.0,0.00557
bid,57463.0,0.07065
bid,57461.53,0.00018
bid,57458.58,0.00043
bid,57456.26,0.0006
bid,57456.0,0.18456
bid,57455.0,0.00696
bid,57454.78,0.00032
bid,57454.04,0.0002
bid,57453.25,0.0002
bid,57452.31,0.0002
bid,57452.0,0.00626
bid,57450.23,0.00822
bid,57450.0,0.25623
bid,57448.0,0.0087
bid,57447.0,0.00174
bid,57446.54,0.00056
bid,57446.0,0.00015
bid,57445.62,0.00183
bid,57445.15,0.00327
bid,57445.0,0.0174
bid,57444.0,0.00589
bid,57442.4,0.02095
bid,57442.0,0.009
bid,57441.0,0.01875
bid,57440.26,0.00034
bid,57440.0,0.0034
bid,57437.0,0.00609
bid,57436.0,0.0028
bid,57435.89,0.0001
bid,57435.72,0.00135
bid,57435.0,0.01795
bid,57434.13,0.0001
bid,57432.36,0.00014
bid,57432.0,0.00667
bid,57431.0,0.001
bid,57430.0,0.0988
bid,57429.42,0.0054
bid,57429.41,0.0001
bid,57429.0,0.0076
bid,57427.0,0.00174
bid,57421.0,0.01741
bid,57420.0,0.00308
bid,57419.48,0.0001
bid,57419.47,0.00011
bid,57419.0,0.02
bid,57414.0,0.00444
bid,57412.0,0.2
bid,57411.61,0.00142
bid,57411.0,0.00045
bid,57410.0,0.55841
bid,57409.2,0.00266
bid,57409.0,0.00374
bid,57407.4,0.0001
bid,57402.01,0.03709
bid,57402.0,0.002
bid,57401.0,0.0029
bid,57400.0,3.73997
bid,57398.14,0.0016
bid,57398.0,0.00661
bid,57396.0,0.00174
bid,57394.69,0.00018
bid,57394.0,0.00009
bid,57393.0,0.005
bid,57389.0,0.2006
bid,57388.0,0.09602
bid,57387.59,0.0001
bid,57384.0,0.06372
bid,57383.33,0.00025
bid,57382.0,0.2016
bid,57380.46,0.00032
bid,57380.0,0.03584
bid,57378.0,0.26142
bid,57376.0,0.00191
bid,57375.0,0.154
bid,57374.0,0.00322
bid,57373.0,0.1
bid,57371.37,0.00014
bid,57370.0,0.1
bid,57369.0,0.00807
bid,57368.0,0.01223
bid,57367.0,0.00122
bid,57366.0,0.02985
bid,57365.0,0.00763
bid,57363.0,0.0055
bid,57362.0,0.00017
bid,57360.0,0.22645
bid,57359.0,0.00174
bid,57358.11,0.00011
bid,57358.0,0.0523
bid,57356.08,0.00174
bid,57356.0,0.01743
bid,57355.91,0.3
bid,57354.0,0.03487
bid,57353.0,0.00012
bid,57352.0,0.00018
bid,57351.0,0.15233
bid,57350.0,0.64871
bid,57349.0,0.07735
bid,57346.0,0.01161
bid,57345.23,0.0001
bid,57345.0,0.27372
bid,57344.4,0.00104
bid,57344.36,0.00074
bid,57344.0,0.00016
bid,57343.75,0.0001
bid,57342.0,0.00081
bid,57341.86,0.00086
bid,57341.33,0.00009
bid,57341.0,0.00383
bid,57340.0,0.01414
bid,57339.0,0.0007
bid,57338.0,0.00787
bid,57336.3,0.00393
bid,57336.0,0.0006
bid,57335.0,0.00104
bid,57334.0,0.00627
bid,57333.0,0.28346
bid,57332.0,0.00107
bid,57330.0,0.00036
bid,57329.0,0.00017
bid,57328.0,0.027
bid,57326.0,0.0125
bid,57325.0,0.18555
bid,57323.94,0.00231
bid,57323.0,0.0234
bid,57322.0,0.20198
bid,57321.0,0.09043
bid,57319.0,0.02689
bid,57313.25,0.00024
bid,57255.0,0.09656
bid,57000.0,226.1684
bid,56588.0,0.1766
bid,56300.0,8.66201
bid,56255.0,0.00244
bid,56000.0,189.32316
bid,55666.0,0.68598
bid,55658.0,1.02013
bid,55500.0,59.37432
bid,55370.0,0.1215
bid,55300.0,9.71645
bid,55255.0,0.20445
bid,55100.33,0.04559
bid,55000.0,526.361
bid,54500.0,49.55238
bid,54294.6,0.00011
bid,54287.8,0.00021
bid,54286.15,0.00168
bid,54275.9,0.00042
bid,54271.24,0.00525
bid,54265.95,0.00021
bid,54261.4,0.00021
bid,54255.64,0.00063
bid,54236.08,0.00021
bid,54231.7,0.00015
bid,54231.64,0.00063
bid,54221.5,0.00021
bid,54216.4,0.00189
bid,54213.0,0.16875
bid,54209.6,0.00042
bid,54202.95,0.00021
bid,54199.4,0.00042
bid,54192.6,0.00042
bid,54187.46,0.00063
bid,54187.14,0.00021
bid,54183.38,0.00042
bid,54176.07,0.00294
bid,54160.58,0.00042
bid,54153.5,0.00021
bid,54126.33,0.00084
bid,54107.6,0.00084
bid,54093.71,0.00063
bid,54007.0,0.47556
bid,54000.0,211.86269
bid,53200.0,14.23753
bid,52333.0,0.7919
bid,52222.0,4.15436
bid,52000.0,189.39188
bid,51948.64,0.00182
bid,51150.0,10.39869
bid,51107.0,0.00587
bid,51102.0,0.00042
bid,51101.0,0.16831
bid,51100.0,16.08441
bid,51099.99,0.00042
bid,51098.0,0.16827
bid,51096.0,0.01957
bid,51091.0,0.04254
bid,51090.0,0.23616
bid,51089.0,0.14827
bid,51088.7,0.00066
bid,51088.0,0.16223
bid,51087.0,0.13138
bid,51086.0,0.60588
bid,51081.74,0.00032
bid,51080.0,0.28274
bid,51079.99,0.19577
bid,51079.0,0.12893
bid,51078.81,0.00132
bid,51077.0,0.0848
bid,51075.0,0.07375
bid,51074.0,0.00295
bid,51070.0,0.01682
bid,51066.52,0.00044
bid,51066.0,0.00097
bid,51064.0,0.02258
bid,51062.0,0.00844
bid,51060.0,0.00672
bid,51059.0,0.00302
bid,51057.0,0.01958
bid,51056.0,0.15474
bid,51055.0,0.01959
bid,51051.8,0.00026
bid,51051.0,5.43971
bid,51050.0,6.66617
bid,51045.72,0.00046
bid,51043.0,0.0003
bid,51040.0,0.00075
bid,51038.4,0.00011
bid,51035.0,0.00056
bid,51034.17,0.0128
bid,51031.0,0.00039
bid,51027.0,0.00011
bid,51024.0,0.00011
bid,51012.0,0.60042
bid,51011.2,0.03621
bid,51011.19,0.1
bid,51011.0,8.31016
bid,51010.0,0.33317
bid,51008.0,0.07857
bid,51007.0,0.07881
bid,51005.0,0.17995
bid,51004.0,0.00019
bid,51003.0,0.01
bid,51002.0,0.00117
bid,51000.0,168.51576
bid,50995.0,0.11765
bid,50994.0,0.1
bid,50993.6,0.00187
bid,50990.39,0.00103
bid,50990.0,0.03922
bid,50988.8,0.00011
bid,50985.85,0.0001
bid,50984.0,0.00392
bid,50980.0,0.54001
bid,50978.83,0.00011
bid,50977.0,0.00039
bid,50975.0,0.05023
bid,50972.22,0.00019
bid,50969.0,0.0015
bid,50967.0,0.00784
bid,50966.0,0.00098
bid,50964.0,0.00058
bid,50962.13,0.00019
bid,50962.0,0.29572
bid,50960.0,0.00093
bid,50959.0,0.00198
bid,50955.0,0.0003
bid,50951.0,0.0001
bid,50950.0,0.52618
bid,50888.0,7.05958
bid,50173.28,0.04982
bid,50100.0,51.73413
bid,50001.0,30.05164
bid,50000.0,432.21598
bid,48100.0,22.83478
bid,48000.0,195.49437
bid,46000.0,68.16144
bid,44000.0,28.27747
bid,42000.0,85.20897
bid,40000.0,233.45288
bid,38000.0,84.34246
bid,36000.0,26.67247
bid,35000.0,136.31529
bid,33560.0,0.06874
bid,33000.0,38.49618
ask,63493.72,0.00418
ask,63498.42,0.00784
ask,63499.95,0.00784
ask,63504.82,0.36806
ask,63507.12,0.78445
ask,63589.75,0.00493
ask,63810.47,0.98207
ask,63810.48,0.00142
ask,63810.49,0.00111
ask,63810.71,0.00988
ask,63810.72,0.00018
ask,63810.73,0.08321
ask,63810.74,0.17219
ask,63811.2,0.00008
ask,63811.74,0.00032
ask,63811.99,0.00018
ask,63812.0,0.02218
ask,63812.04,0.00008
ask,63812.1,0.00009
ask,63812.66,0.00018
ask,63812.67,0.06404
ask,63812.78,0.01252
ask,63812.92,0.00018
ask,63812.93,0.04331
ask,63812.94,0.03821
ask,63813.06,0.00009
ask,63813.13,0.02115
ask,63813.31,0.00008
ask,63813.47,0.01751
ask,63813.62,0.00008
ask,63814.0,0.022
ask,63814.22,0.03169
ask,63814.4,0.01255
ask,63814.66,0.00008
ask,63815.16,0.00012
ask,63815.49,0.00008
ask,63815.5,0.02535
ask,63815.54,0.00008
ask,63815.7,0.00069
ask,63815.98,0.00008
ask,63816.0,0.38736
ask,63816.22,0.0127
ask,63816.24,0.00019
ask,63816.38,0.00009
ask,63816.67,0.0173
ask,63816.69,0.00235
ask,63816.77,0.01901
ask,63816.96,0.00047
ask,63817.5,0.04
ask,63817.54,0.00008
ask,63817.6,0.00416
ask,63817.62,0.00008
ask,63817.73,0.0036
ask,63817.81,0.00048
ask,63817.88,0.01231
ask,63817.9,0.03
ask,63817.92,0.00032
ask,63817.99,0.94306
ask,63818.0,0.022
ask,63818.05,0.01267
ask,63818.09,0.00008
ask,63818.19,0.00032
ask,63818.43,0.00166
ask,63818.44,0.00009
ask,63818.54,0.0037
ask,63818.85,0.02
ask,63819.13,0.00351
ask,63819.18,0.4052
ask,63819.19,0.45473
ask,63819.2,0.004
ask,63819.42,0.00009
ask,63819.45,0.00189
ask,63819.57,0.00784
ask,63819.58,0.00008
ask,63819.72,0.00313
ask,63819.75,0.00008
ask,63819.8,0.08
ask,63820.0,0.032
ask,63820.36,0.00784
ask,63820.37,0.05113
ask,63820.4,0.3037
ask,63820.57,0.94306
ask,63820.59,0.10391
ask,63820.64,0.00008
ask,63820.76,0.00017
ask,63820.8,0.16084
ask,63820.96,0.0127
ask,63821.25,0.00008
ask,63821.52,0.00012
ask,63821.62,0.00008
ask,63821.66,0.01725
ask,63821.98,0.00008
ask,63822.0,0.02208
ask,63822.01,0.00218
ask,63822.4,0.004
ask,63822.51,0.49279
ask,63822.6,0.00019
ask,63822.64,0.00023
ask,63822.76,0.00009
ask,63823.13,0.00313
ask,63823.16,0.00008
ask,63823.66,0.00008
ask,63823.73,0.00016
ask,63823.84,0.028
ask,63823.86,0.94306
ask,63823.95,0.00009
ask,63823.98,0.00008
ask,63824.0,0.07317
ask,63824.16,0.01229
ask,63824.37,0.15153
ask,63824.53,0.15667
ask,63824.63,0.00032
ask,63824.69,0.056
ask,63824.78,0.00009
ask,63824.99,0.0072
ask,63825.21,0.42348
ask,63825.44,0.042
ask,63825.52,0.00008
ask,63825.6,0.76872
ask,63825.61,0.38366
ask,63825.64,0.80335
ask,63825.7,0.00008
ask,63825.78,0.00009
ask,63825.97,0.16026
ask,63825.98,0.00008
ask,63825.99,0.00165
ask,63826.0,0.022
ask,63826.02,0.00008
ask,63826.34,0.001
ask,63826.5,0.00008
ask,63827.14,0.00009
ask,63827.15,0.01906
ask,63827.16,0.48449
ask,63827.17,0.94306
ask,63827.2,0.00416
ask,63827.26,0.038
ask,63827.75,0.00008
ask,63827.83,0.04808
ask,63827.85,0.04
ask,63827.86,0.04
ask,63827.88,0.00012
ask,63827.89,0.42346
ask,63827.91,0.038
ask,63828.0,0.02208
ask,63828.05,0.0169
ask,63828.09,0.00335
ask,63828.4,0.3037
ask,63828.41,0.042
ask,63828.48,0.032
ask,63828.76,1.59875
ask,63828.77,2.35765
ask,63828.8,0.78839
ask,63828.96,0.00019
ask,63829.0,0.002
ask,63829.08,0.15666
ask,63829.12,0.03
ask,63829.75,0.042
ask,63829.79,0.00008
ask,63830.0,0.032
ask,63830.01,0.05914
ask,63830.06,0.94306
ask,63830.07,0.20175
ask,63830.19,0.42344
ask,63830.33,0.00009
ask,63830.36,0.00008
ask,63830.4,0.00416
ask,63830.62,0.00023
ask,63830.83,0.00032
ask,63831.04,0.034
ask,63831.08,0.04432
ask,63831.1,0.036
ask,63831.12,0.00009
ask,63831.58,0.08724
ask,63831.63,0.00008
ask,63831.83,0.09407
ask,63832.0,1.82808
ask,63832.01,0.21977
ask,63832.23,0.49461
ask,63832.25,0.0036
ask,63832.29,0.00008
ask,63832.38,0.00843
ask,63833.31,2.35765
ask,63833.42,0.00188
ask,63833.52,0.00009
ask,63833.6,0.00416
ask,63833.87,0.00008
ask,63834.0,0.022
ask,63834.14,0.0392
ask,63834.17,1.32672
ask,63834.24,0.00012
ask,63834.44,0.01715
ask,63834.51,1.50577
ask,63835.17,0.0025
ask,63835.18,0.96595
ask,63835.19,0.42341
ask,63835.2,0.004
ask,63835.32,0.00019
ask,63835.36,0.42341
ask,63835.48,0.00008
ask,63835.49,0.81805
ask,63835.92,0.00008
ask,63835.98,0.002
ask,63836.0,0.022
ask,63836.22,0.002
ask,63836.23,0.78408
ask,63836.4,0.30393
ask,63836.71,0.00009
ask,63836.8,0.00424
ask,63837.29,0.00032
ask,63837.43,0.00064
ask,63837.46,0.00009
ask,63837.53,0.00032
ask,63837.72,0.67
ask,63838.0,0.022
ask,63838.04,0.00008
ask,63838.19,0.01151
ask,63838.28,0.00008
ask,63838.4,0.004
ask,63838.62,0.00045
ask,63838.74,0.00012
ask,63839.25,0.00008
ask,63839.3,0.0392
ask,63839.51,0.0024
ask,63839.9,0.00009
ask,63839.94,1.22487
ask,63839.97,0.0044
ask,63839.98,0.00008
ask,63840.0,0.08646
ask,63840.56,0.15495
ask,63840.6,0.00012
ask,63840.67,0.00012
ask,63840.74,0.94306
ask,63840.83,0.01726
ask,63840.86,0.38366
ask,63840.88,0.11766
ask,63840.97,2.35765
ask,63841.14,0.99365
ask,63841.55,1.21547
ask,63841.68,0.00019
ask,63842.0,0.022
ask,63842.04,0.00008
ask,63842.05,0.00008
ask,63842.34,0.78401
ask,63842.37,0.15755
ask,63842.38,0.11785
ask,63842.97,0.0392
ask,63843.0,0.01
ask,63843.2,0.05608
ask,63843.23,0.038
ask,63843.31,0.00023
ask,63843.5,0.00632
ask,63843.79,0.048
ask,63843.8,0.00009
ask,63843.81,0.04
ask,63843.84,0.00032
ask,63843.86,0.94306
ask,63843.87,0.038
ask,63843.88,0.3037
ask,63843.91,0.042
ask,63843.98,0.00032
ask,63844.0,0.0228
ask,63844.08,0.53804
ask,63844.09,0.00008
ask,63844.36,0.00008
ask,63844.42,1.55229
ask,63844.44,0.032
ask,63844.57,0.00338
ask,63845.08,0.03
ask,63845.11,0.00431
ask,63845.43,0.01141
ask,63845.47,0.01567
ask,63845.68,0.00434
ask,63845.71,0.042
ask,63845.98,0.00008
ask,63846.0,0.022
ask,63846.13,0.00008
ask,63846.23,1.32667
ask,63846.24,1.5788
ask,63846.33,0.96809
ask,63846.41,0.04
ask,63846.6,0.07786
ask,63846.78,0.042
ask,63846.96,0.00012
ask,63847.0,0.034
ask,63847.04,0.044
ask,63847.06,0.036
ask,63847.11,0.01567
ask,63847.14,0.3875
ask,63847.29,0.38366
ask,63847.72,0.00008
ask,63847.89,0.96722
ask,63847.98,0.94306
ask,63847.99,1.24351
ask,63848.0,0.23874
ask,63848.04,0.00019
ask,63848.17,0.00008
ask,63848.41,0.0392
ask,63848.46,0.00433
ask,63848.63,2.35765
ask,63849.72,1.55216
ask,63849.98,0.00008
ask,63850.0,0.03208
ask,63850.1,0.00023
ask,63850.14,0.00009
ask,63850.22,0.00008
ask,63850.4,0.3037
ask,63850.43,0.00032
ask,63851.02,0.00032
ask,63851.04,0.00008
ask,63851.09,0.47935
ask,63851.1,0.46984
ask,63851.27,0.60562
ask,63851.6,0.21188
ask,63852.0,0.02216
ask,63852.26,0.00008
ask,63852.31,0.00008
ask,63852.37,0.00008
ask,63853.32,0.00012
ask,63853.54,0.00714
ask,63853.8,0.05881
ask,63853.98,0.00008
ask,63854.0,0.022
ask,63854.16,0.20798
ask,63854.37,0.00783
ask,63854.4,0.00019
ask,63854.96,1.19816
ask,63854.97,0.38366
ask,63855.64,0.94306
ask,63855.98,0.00008
ask,63856.0,0.022
ask,63856.01,1.55201
ask,63856.29,2.35765
ask,63856.35,0.00008
ask,63856.48,0.00009
ask,63856.5,0.00009
ask,63856.54,0.00977
ask,63856.88,0.00032
ask,63856.92,0.00112
ask,63857.16,0.07931
ask,63857.24,0.0392
ask,63857.48,0.00008
ask,63857.56,0.00032
ask,63858.0,0.022
ask,63858.16,0.4
ask,63858.27,0.94306
ask,63858.28,0.82657
ask,63858.29,0.30378
ask,63859.17,0.056
ask,63859.2,0.038
ask,63859.25,0.001
ask,63859.38,0.01567
ask,63859.68,0.00012
ask,63859.76,0.048
ask,63859.78,0.04
ask,63859.84,0.038
ask,63859.88,0.042
ask,63860.0,0.032
ask,63860.29,0.00008
ask,63860.41,0.032
ask,63860.43,0.00008
ask,63860.6,2.35765
ask,63860.76,0.00019
ask,63861.05,0.03
ask,63861.4,0.0039
ask,63861.61,0.94306
ask,63861.62,1.32178
ask,63861.63,2.58218
ask,63861.68,0.042
ask,63861.78,0.00532
ask,63862.0,0.03279
ask,63862.13,0.00008
ask,63862.38,0.04
ask,63862.48,0.00008
ask,63862.66,0.00008
ask,63862.75,0.042
ask,63862.77,0.00008
ask,63862.82,0.00009
ask,63862.94,1.55184
ask,63862.97,0.034
ask,63863.01,0.044
ask,63863.03,0.036
ask,63863.05,0.01722
ask,63863.33,0.00032
ask,63863.8,0.00008
ask,63863.81,0.51122
ask,63863.82,0.38366
ask,63864.0,0.02208
ask,63864.07,0.00032
ask,63864.17,0.00008
ask,63864.44,0.1568
ask,63864.68,0.09269
ask,63864.89,0.3037
ask,63865.0,0.0025
ask,63865.88,0.00008
ask,63865.93,0.94306
ask,63866.0,0.022
ask,63866.04,0.00012
ask,63866.57,0.00008
ask,63867.12,0.00019
ask,63867.26,0.72978
ask,63867.27,0.0392
ask,63867.49,0.00008
ask,63868.0,0.022
ask,63868.26,2.35765
ask,63868.61,0.00008
ask,63869.16,0.00009
ask,63869.66,0.00008
ask,63869.78,0.00032
ask,63870.0,0.03261
ask,63870.43,0.13892
ask,63870.44,0.38366
ask,63870.54,0.00032
ask,63870.65,0.00016
ask,63871.81,0.00009
ask,63871.98,0.00008
ask,63872.0,0.02216
ask,63872.4,0.00012
ask,63872.48,0.00012
ask,63872.7,0.00008
ask,63873.0,0.00008
ask,63873.48,0.00009
ask,63873.58,0.80776
ask,63873.99,0.00008
ask,63874.0,0.022
ask,63874.4,0.3037
ask,63874.74,0.00008
ask,63875.5,0.00009
ask,63875.92,2.35765
ask,63875.99,0.00008
ask,63876.0,0.022
ask,63876.22,0.00032
ask,63876.56,0.00008
ask,63876.9,1.07364
ask,63876.91,0.38366
ask,63877.09,0.00032
ask,63877.87,0.0392
ask,63877.99,0.00008
ask,63878.0,0.022
ask,63878.06,0.04611
ask,63878.73,3.15599
ask,63878.76,0.00012
ask,63878.83,0.00008
ask,63879.39,0.00076
ask,63879.84,0.00019
ask,63880.0,0.03786
ask,63880.37,0.00008
ask,63880.69,1.2874
ask,63881.39,0.3037
ask,63881.46,4.03567
ask,63881.84,0.00009
ask,63881.99,0.00008
ask,63882.0,0.022
ask,63882.67,0.00032
ask,63882.83,0.0037
ask,63883.52,0.00032
ask,63883.53,2.35765
ask,63883.54,1.54304
ask,63883.75,4.70103
ask,63883.99,0.38374
ask,63884.0,0.022
ask,63884.18,0.0392
ask,63884.2,0.00009
ask,63884.21,0.00008
ask,63884.49,0.0001
ask,63884.61,0.00036
ask,63884.69,0.00012
ask,63885.04,0.00008
ask,63885.12,0.00012
ask,63885.28,0.04536
ask,63885.6,0.0001
ask,63885.99,0.00008
ask,63886.0,0.022
ask,63886.18,1.13133
ask,63886.19,1.7187
ask,63886.2,0.00009
ask,63886.34,0.00301
ask,63886.38,0.0082
ask,63886.72,0.01573
ask,63886.89,0.00034
ask,63887.01,0.00008
ask,63887.12,0.6999
ask,63887.17,0.00071
ask,63887.27,0.00008
ask,63887.3,0.0007
ask,63887.5,0.00011
ask,63887.55,0.0048
ask,63887.87,0.00011
ask,63888.0,1.02256
ask,63888.01,0.00062
ask,63888.05,0.0001
ask,63888.17,0.00028
ask,63888.18,0.00009
ask,63888.23,0.00031
ask,63888.4,0.3037
ask,63888.42,0.00009
ask,63888.62,0.00582
ask,63888.84,0.0003
ask,63888.85,0.00008
ask,63888.88,0.00083
ask,63889.0,0.001
ask,63889.12,0.00032
ask,63889.24,0.0013
ask,63889.32,0.00008
ask,63889.53,0.00009
ask,63889.6,0.0003
ask,63889.74,0.0001
ask,63889.91,0.85006
ask,63890.0,0.03899
ask,63890.09,0.00032
ask,63890.26,0.00011
ask,63890.46,0.00008
ask,63890.53,0.00284
ask,63891.09,0.00008
ask,63891.19,2.35765
ask,63891.3,0.09622
ask,63891.48,0.00012
ask,63891.58,0.001
ask,63891.67,0.00008
ask,63891.89,0.00119
ask,63891.94,0.00066
ask,63892.0,0.022
ask,63892.11,0.00086
ask,63892.17,0.00023
ask,63892.21,0.00019
ask,63892.22,0.0078
ask,63892.36,0.38366
ask,63892.45,0.00008
ask,63892.56,0.00019
ask,63892.65,0.35557
ask,63892.82,0.00008
ask,63892.99,0.00015
ask,63893.1,0.00018
ask,63893.28,0.0001
ask,63893.33,0.00018
ask,63893.79,0.00009
ask,63893.93,0.00353
ask,63894.0,0.022
ask,63894.08,0.0392
ask,63894.11,0.00487
ask,63894.22,0.00012
ask,63894.46,0.00008
ask,63894.52,0.00009
ask,63894.54,0.1176
ask,63894.73,0.00009
ask,63894.78,0.00009
ask,63895.0,1.00051
ask,63895.56,0.0025
ask,63895.57,0.00032
ask,63895.6,0.00015
ask,63895.76,0.0001
ask,63895.79,0.00015
ask,63896.0,0.022
ask,63896.24,0.00021
ask,63896.46,0.01018
ask,63896.49,0.21392
ask,63896.54,0.00008
ask,63896.55,0.00008
ask,63896.67,0.00009
ask,63896.88,0.0003
ask,63896.99,0.00008
ask,63897.05,0.00016
ask,63897.2,0.0001
ask,63897.23,0.00008
ask,63897.84,0.00012
ask,63898.0,0.022
ask,63898.12,0.00153
ask,63898.25,0.00011
ask,63898.29,0.00266
ask,63898.44,0.00027
ask,63898.52,0.00035
ask,63898.61,0.00008
ask,63898.66,0.00064
ask,63898.8,0.00023
ask,63898.83,0.38366
ask,63898.92,0.00009
ask,63899.01,0.00008
ask,63899.11,0.00469
ask,63899.12,0.00107
ask,63899.38,0.00022
ask,63899.48,0.00019
ask,63899.61,0.00046
ask,63899.62,0.0008
ask,63899.66,0.00008
ask,63899.89,0.00047
ask,63899.99,0.8159
ask,63900.0,2.69097
ask,63900.54,0.00015
ask,63900.95,0.00008
ask,63901.13,0.00009
ask,63901.32,0.00008
ask,63901.53,0.00615
ask,63901.61,0.00023
ask,63901.85,0.0001
ask,63901.94,0.00039
ask,63902.0,0.022
ask,63902.02,0.00032
ask,63902.05,0.00009
ask,63902.08,0.00008
ask,63902.17,0.0001
ask,63902.19,0.0017
ask,63902.29,0.0001
ask,63902.39,0.11389
ask,63902.53,0.00008
ask,63902.77,0.00009
ask,63902.83,0.00032
ask,63902.94,0.00065
ask,63903.13,0.12537
ask,63903.33,0.00008
ask,63903.36,0.00018
ask,63903.41,0.00011
ask,63903.43,0.00494
ask,63903.66,0.00009
ask,63903.85,0.00039
ask,63903.94,0.0001
ask,63904.0,0.02216
ask,63904.22,0.00009
ask,63904.26,0.00024
ask,63904.29,0.00012
ask,63904.54,0.00045
ask,63904.75,0.00011
ask,63904.76,0.00033
ask,63905.01,0.00078
ask,63905.21,0.00008
ask,63905.28,0.0001
ask,63905.32,0.00121
ask,63905.33,0.01
ask,63905.35,0.38366
ask,63905.5,0.00782
ask,63905.54,0.00099
ask,63905.69,0.00009
ask,63905.8,0.00037
ask,63905.88,0.00028
ask,63905.98,0.17245
ask,63905.99,0.00008
ask,63906.0,0.0289
ask,63906.17,0.0001
ask,63906.78,1.41077
ask,63906.79,4.69933
ask,63906.89,0.00008
ask,63907.07,0.00087
ask,63907.2,0.00009
ask,63907.24,0.00008
ask,63907.45,0.00008
ask,63907.47,0.01777
ask,63907.62,0.00009
ask,63908.0,0.022
ask,63908.25,0.00023
ask,63908.38,0.00231
ask,63908.43,0.00009
ask,63908.47,0.0015
ask,63908.49,0.00114
ask,63908.93,0.49767
ask,63908.95,0.00338
ask,63909.11,0.00039
ask,63909.43,0.00013
ask,63909.6,0.00294
ask,63909.69,0.00008
ask,63909.81,0.01567
ask,63909.92,0.00063
ask,63910.0,1.26324
ask,63910.18,0.0025
ask,63910.19,0.00016
ask,63910.44,0.0058
ask,63910.56,0.00018
ask,63910.73,0.00008
ask,63910.87,0.00033
ask,63910.99,0.00029
ask,63911.11,0.00016
ask,63911.4,0.0015
ask,63911.48,0.00106
ask,63911.54,0.00008
ask,63911.97,0.12941
ask,63911.98,0.38366
ask,63912.0,0.02208
ask,63912.39,0.00014
ask,63912.46,0.00008
ask,63912.56,0.00113
ask,63912.82,0.00012
ask,63913.0,0.00124
ask,63913.16,0.00067
ask,63913.31,0.00009
ask,63913.35,0.00013
ask,63913.48,0.00008
ask,63913.63,0.00022
ask,63913.83,0.00019
ask,63914.0,0.02267
ask,63914.28,0.00041
ask,63914.29,0.00036
ask,63914.32,0.00008
ask,63914.38,0.00047
ask,63914.47,0.00009
ask,63914.49,0.00011
ask,63914.64,0.00008
ask,63914.84,0.00008
ask,63914.92,0.00032
ask,63915.0,0.00013
ask,63915.55,0.00078
ask,63915.58,0.14862
ask,63915.72,0.00009
ask,63915.88,0.14113
ask,63916.0,0.022
ask,63916.02,0.00222
ask,63916.77,0.00008
ask,63917.4,0.00032
ask,63917.45,0.0001
ask,63917.51,0.001
ask,63917.68,0.00008
ask,63917.79,0.0004
ask,63917.81,0.00008
ask,63917.98,0.00108
ask,63918.0,0.02219
ask,63918.22,0.0001
ask,63918.54,0.00011
ask,63918.9,0.00008
ask,63918.91,0.0001
ask,63919.08,0.00313
ask,63919.42,0.00193
ask,63920.0,0.04139
ask,63920.61,0.00009
ask,63920.7,0.00013
ask,63920.98,0.00012
ask,63921.0,0.00009
ask,63921.26,0.00122
ask,63921.37,0.00049
ask,63921.69,0.00247
ask,63921.77,0.00008
ask,63922.0,0.022
ask,63922.08,0.00008
ask,63922.35,0.3037
ask,63922.47,0.00026
ask,63923.41,4.69809
ask,63923.99,0.00025
ask,63924.0,0.022
ask,63924.36,0.00009
ask,63924.5,0.00017
ask,63924.79,0.00055
ask,63924.81,0.00069
ask,63925.06,0.00009
ask,63925.26,0.00008
ask,63925.46,0.05103
ask,63925.97,4.6981
ask,63926.0,0.022
ask,63926.46,0.00008
ask,63926.53,0.00089
ask,63927.49,0.00042
ask,63927.6,0.00008
ask,63927.81,0.00032
ask,63927.87,0.00114
ask,63927.91,0.00008
ask,63928.0,0.022
ask,63928.44,0.00008
ask,63928.57,0.00375
ask,63928.64,0.0011
ask,63928.72,0.1059
ask,63929.0,0.0006
ask,63929.54,0.0001
ask,63929.64,0.00056
ask,63929.83,0.00011
ask,63929.9,0.00039
ask,63929.94,0.0003
ask,63930.0,0.03525
ask,63930.11,0.00008
ask,63930.17,0.0067
ask,63930.41,0.02455
ask,63930.72,0.0001
ask,63930.89,0.00049
ask,63931.72,0.00538
ask,63931.89,0.00013
ask,63931.99,0.00026
ask,63932.0,0.02208
ask,63932.47,0.00008
ask,63932.85,0.00091
ask,63933.19,0.00017
ask,63933.33,0.0012
ask,63933.55,0.00037
ask,63934.0,0.022
ask,63934.12,0.00148
ask,63934.26,0.00032
ask,63934.42,0.00008
ask,63934.47,0.00013
ask,63934.49,1.88
ask,63934.59,0.0001
ask,63935.05,0.14695
ask,63935.09,0.00027
ask,63935.62,0.00009
ask,63935.65,0.00008
ask,63936.0,0.02224
ask,63936.03,0.11878
ask,63936.12,0.00044
ask,63936.13,0.00046
ask,63936.36,0.00996
ask,63937.08,0.00049
ask,63937.18,0.00009
ask,63937.28,0.00009
ask,63937.36,0.0001
ask,63937.5,0.00145
ask,63937.7,0.00031
ask,63937.82,0.00009
ask,63938.0,0.8083
ask,63938.14,0.00008
ask,63938.41,0.00008
ask,63939.39,0.0001
ask,63940.0,0.03443
ask,63940.36,0.00008
ask,63940.63,0.00028
ask,63940.71,0.00032
ask,63940.88,0.00009
ask,63941.05,0.00032
ask,63941.17,0.00294
ask,63941.49,0.3037
ask,63941.59,0.00008
ask,63941.63,0.02455
ask,63942.0,0.022
ask,63942.15,0.00009
ask,63942.3,0.0001
ask,63942.85,0.00067
ask,63943.33,0.0002
ask,63943.44,0.0001
ask,63944.0,0.022
ask,63944.44,0.00182
ask,63944.51,0.00113
ask,63944.66,0.14113
ask,63944.71,2.57879
ask,63944.77,0.00008
ask,63945.24,0.00009
ask,63945.47,0.00008
ask,63945.6,0.001
ask,63945.64,0.00014
ask,63946.0,0.022
ask,63946.05,0.00008
ask,63946.42,0.00013
ask,63946.66,0.00043
ask,63947.16,0.00072
ask,63947.36,0.00013
ask,63947.45,0.0001
ask,63947.95,0.00008
ask,63948.0,0.022
ask,63948.57,0.00012
ask,63948.58,4.02999
ask,63948.77,0.00009
ask,63949.44,0.01876
ask,63949.66,0.00576
ask,63950.0,1.3375
ask,63950.33,0.00008
ask,63950.71,0.00008
ask,63950.86,0.0001
ask,63951.02,0.00041
ask,63951.15,0.0001
ask,63951.59,0.03925
ask,63951.68,0.00053
ask,63951.85,0.00067
ask,63952.0,0.022
ask,63952.66,0.00008
ask,63953.01,0.00013
ask,63953.12,0.00026
ask,63953.31,0.00008
ask,63953.55,0.00079
ask,63953.59,0.00295
ask,63953.61,0.00032
ask,63954.0,0.022
ask,63954.26,0.14113
ask,63955.23,0.00061
ask,63955.33,0.00018
ask,63955.35,0.00008
ask,63955.39,0.00313
ask,63955.47,0.00022
ask,63956.0,0.022
ask,63956.24,0.00009
ask,63956.25,0.00008
ask,63956.52,0.00018
ask,63957.11,0.00012
ask,63957.39,0.00114
ask,63957.93,0.00017
ask,63958.0,0.022
ask,63958.17,0.00283
ask,63958.22,5.34791
ask,63958.35,0.00026
ask,63958.64,0.00033
ask,63959.07,0.00192
ask,63959.66,0.00146
ask,63959.71,0.00008
ask,63960.0,0.0357
ask,63960.06,0.00032
ask,63960.16,0.00032
ask,63960.61,0.3037
ask,63960.86,0.00008
ask,63961.85,0.00015
ask,63961.99,0.00016
ask,63962.0,0.022
ask,63962.89,0.00008
ask,63962.96,0.0025
ask,63963.02,0.0001
ask,63963.2,0.00009
ask,63963.24,0.00022
ask,63963.86,0.14113
ask,63964.0,0.022
ask,63964.15,0.00012
ask,63964.64,0.00008
ask,63965.08,0.00011
ask,63965.66,0.01055
ask,63965.68,0.0001
ask,63965.88,0.00008
ask,63966.0,0.022
ask,63966.31,0.00008
ask,63966.43,0.00008
ask,63966.51,0.00041
ask,63966.53,0.00032
ask,63967.14,0.00029
ask,63967.45,0.0001
ask,63967.48,0.00008
ask,63967.7,0.00009
ask,63967.79,4.69493
ask,63968.0,0.02216
ask,63968.88,0.0001
ask,63969.23,0.00576
ask,63969.6,0.00016
ask,63969.61,0.00008
ask,63969.99,0.00012
ask,63970.0,0.05967
ask,63970.18,0.01875
ask,63970.34,0.00009
ask,63971.02,0.00009
ask,63971.38,0.00008
ask,63971.54,0.01065
ask,63971.92,0.00009
ask,63972.0,0.022
ask,63972.11,0.00008
ask,63972.85,0.00014
ask,63972.89,0.00339
ask,63972.93,0.00009
ask,63972.95,0.00032
ask,63973.07,0.02839
ask,63973.11,0.00011
ask,63973.35,0.3037
ask,63973.46,0.14113
ask,63973.8,0.00008
ask,63974.0,0.02211
ask,63974.3,0.02803
ask,63974.32,0.00022
ask,63974.52,0.00009
ask,63975.24,0.00009
ask,63975.4,0.00008
ask,63975.55,0.0001
ask,63975.56,0.0001
ask,63975.8,0.01904
ask,63975.9,0.00013
ask,63976.0,17.00514
ask,63976.49,0.00038
ask,63976.68,0.00024
ask,63976.86,0.00009
ask,63977.0,0.00013
ask,63977.64,0.00009
ask,63977.81,0.00008
ask,63978.0,0.02212
ask,63978.35,0.01886
ask,63978.44,0.01046
ask,63978.64,0.00008
ask,63978.74,0.00046
ask,63978.77,0.00014
ask,63979.14,0.00202
ask,63979.4,0.00032
ask,63979.67,0.00008
ask,63979.73,0.3037
ask,63980.0,1.08752
ask,63980.52,0.00296
ask,63980.65,0.00011
ask,63980.74,0.00009
ask,63981.5,0.00008
ask,63981.53,0.00127
ask,63981.74,0.00008
ask,63982.0,0.02478
ask,63982.29,0.02762
ask,63982.35,0.00009
ask,63982.74,0.00009
ask,63983.06,0.14113
ask,63983.12,0.00008
ask,63983.46,0.00031
ask,63984.0,0.02208
ask,63984.43,0.00061
ask,63984.99,0.00349
ask,63985.0,0.00799
ask,63985.19,0.00008
ask,63985.46,0.00009
ask,63985.85,0.00032
ask,63986.0,0.022
ask,63986.11,0.3037
ask,63986.37,0.00014
ask,63986.59,0.11487
ask,63986.92,0.00008
ask,63987.02,0.02
ask,63987.2,0.11385
ask,63987.4,0.00089
ask,63987.45,0.0001
ask,63987.51,0.00008
ask,63988.0,0.12365
ask,63988.17,0.00023
ask,63988.25,0.02833
ask,63989.61,0.0189
ask,63990.0,0.21248
ask,63991.1,0.00013
ask,63991.4,0.00008
ask,63991.66,0.00024
ask,63991.88,0.00134
ask,63992.0,0.022
ask,63992.05,0.00032
ask,63992.1,0.00008
ask,63992.3,0.00032
ask,63992.49,0.3037
ask,63992.66,0.14127
ask,63992.71,0.01813
ask,63992.88,0.00032
ask,63993.72,0.00107
ask,63994.0,0.022
ask,63994.32,0.00009
ask,63995.0,0.1
ask,63995.16,0.07328
ask,63996.0,0.022
ask,63997.29,0.00008
ask,63997.74,0.0006
ask,63998.0,0.06142
ask,63998.2,0.00008
ask,63998.75,0.00032
ask,63998.87,0.3037
ask,63999.0,5.69537
ask,63999.11,0.03633
ask,63999.42,0.00009
ask,63999.72,0.00012
ask,63999.99,0.00339
ask,64000.0,7.79888
ask,64000.01,0.00012
ask,64000.39,0.00011
ask,64001.48,0.00468
ask,64001.54,0.00802
ask,64002.26,0.14113
ask,64002.47,0.00008
ask,64003.56,0.06449
ask,64004.16,0.00008
ask,64005.0,0.00282
ask,64005.19,0.01155
ask,64005.2,0.00186
ask,64005.25,0.3037
ask,64007.66,0.00008
ask,64008.52,0.02363
ask,64008.85,0.00029
ask,64009.46,0.00099
ask,64010.23,0.00015
ask,64010.4,4.69168
ask,64010.6,0.00226
ask,64011.42,0.00008
ask,64011.63,0.3037
ask,64011.87,0.14113
ask,64012.84,0.00008
ask,64012.85,0.01874
ask,64013.1,0.00232
ask,64013.4,0.00009
ask,64014.28,0.00021
ask,64015.03,0.00014
ask,64015.48,0.00011
ask,64015.73,0.00017
ask,64016.17,0.00024
ask,64017.62,0.07636
ask,64017.64,0.00499
ask,64018.01,0.3037
ask,64018.03,0.00008
ask,64018.4,0.00013
ask,64018.7,0.00045
ask,64019.76,0.0001
ask,64020.0,0.34311
ask,64020.86,0.02332
ask,64021.32,0.00009
ask,64021.5,0.00042
ask,64022.22,0.00013
ask,64023.21,0.00008
ask,64024.39,0.3037
ask,64024.62,0.00283
ask,64024.66,0.00028
ask,64025.98,0.00016
ask,64027.84,0.00009
ask,64028.4,0.00008
ask,64028.57,0.00024
ask,64028.72,0.00281
ask,64028.78,0.00031
ask,64029.41,0.00061
ask,64030.36,0.0003
ask,64030.39,4.69021
ask,64030.68,0.00013
ask,64030.77,0.3037
ask,64030.83,0.00156
ask,64031.24,0.00266
ask,64031.7,0.0025
ask,64032.0,0.00024
ask,64032.46,0.00366
ask,64032.48,0.00019
ask,64033.28,0.00024
ask,64033.58,0.00008
ask,64033.87,0.00142
ask,64035.21,0.00152
ask,64035.42,0.19371
ask,64035.6,1.19998
ask,64035.97,0.00009
ask,64036.48,0.00011
ask,64036.6,0.15592
ask,64037.15,0.3037
ask,64037.45,0.01943
ask,64037.8,0.00017
ask,64038.77,0.00008
ask,64038.83,0.001
ask,64039.64,0.00144
ask,64040.0,0.05963
ask,64040.34,0.00009
ask,64040.6,0.00067
ask,64040.89,0.00009
ask,64043.4,0.00014
ask,64043.53,0.3037
ask,64043.89,0.00025
ask,64043.96,0.00008
ask,64046.12,0.00012
ask,64046.35,0.10147
ask,64046.61,0.01303
ask,64048.14,0.00009
ask,64048.3,0.00009
ask,64049.14,0.00008
ask,64049.58,0.00009
ask,64049.9,0.0001
ask,64049.91,0.3037
ask,64050.0,2.1204
ask,64050.86,0.02
ask,64051.36,0.00015
ask,64051.44,0.00033
ask,64051.47,9.37744
ask,64051.56,0.00009
ask,64052.62,0.00013
ask,64052.72,0.00468
ask,64053.44,0.00009
ask,64053.68,0.00065
ask,64053.78,0.01567
ask,64054.33,0.00008
ask,64055.19,0.0001
ask,64056.29,0.3037
ask,64056.66,0.00017
ask,64057.14,0.0002
ask,64058.17,0.00009
ask,64059.12,0.00781
ask,64059.36,0.00009
ask,64059.52,0.00008
ask,64060.42,3.0
ask,64060.6,0.00608
ask,64061.15,0.00251
ask,64062.23,0.00032
ask,64062.68,0.3037
ask,64063.23,0.00009
ask,64064.0,0.00067
ask,64064.68,0.00015
ask,64065.47,0.00037
ask,64065.95,0.00058
ask,64066.22,0.00043
ask,64066.27,0.00041
ask,64068.33,0.00013
ask,64069.58,0.00041
ask,64069.63,0.00008
ask,64070.34,0.00011
ask,64070.4,0.00014
ask,64070.63,0.00008
ask,64070.64,0.00009
ask,64071.49,0.00027
ask,64074.78,0.00011
ask,64076.01,0.00013
ask,64076.16,0.0001
ask,64077.42,0.00015
ask,64078.38,0.00009
ask,64078.92,0.00019
ask,64079.58,0.01482
ask,64080.87,0.00351
ask,64081.4,0.00032
ask,64081.67,0.00586
ask,64081.96,0.0001
ask,64084.21,0.00012
ask,64085.4,0.04618
ask,64087.45,0.0001
ask,64087.5,0.01932
ask,64087.79,0.00032
ask,64088.25,0.00027
ask,64089.72,0.00009
ask,64090.0,0.00791
ask,64090.32,0.00024
ask,64091.19,0.01567
ask,64092.97,0.00012
ask,64093.21,0.12523
ask,64094.03,0.00022
ask,64094.18,0.00032
ask,64094.47,0.00016
ask,64094.64,0.00008
ask,64096.0,0.00016
ask,64096.59,0.06826
ask,64097.0,0.0001
ask,64098.18,0.00134
ask,64099.98,0.0002
ask,64100.0,4.05121
ask,64100.51,0.00594
ask,64100.57,0.00032
ask,64102.22,0.00009
ask,64102.67,0.001
ask,64103.91,0.00014
ask,64104.01,0.00009
ask,64105.31,0.01567
ask,64106.0,0.00023
ask,64106.24,0.54998
ask,64106.56,0.00092
ask,64106.96,0.00032
ask,64107.41,0.00141
ask,64108.8,0.0001
ask,64109.51,0.00011
ask,64110.38,0.00023
ask,64111.75,0.00027
ask,64112.68,0.00109
ask,64113.01,0.0001
ask,64113.35,0.00032
ask,64113.76,0.01871
ask,64115.0,0.00062
ask,64115.71,0.01145
ask,64116.2,0.00027
ask,64116.72,0.00009
ask,64119.74,0.00032
ask,64120.3,0.00898
ask,64121.63,0.00074
ask,64121.85,0.00008
ask,64123.0,0.00071
ask,64125.39,3.0
ask,64126.13,0.00032
ask,64127.04,0.00009
ask,64127.5,0.00028
ask,64128.0,0.04637
ask,64130.49,0.00013
ask,64132.52,0.00032
ask,64135.43,0.00087
ask,64136.06,0.01776
ask,64137.45,0.0001
ask,64138.08,0.14197
ask,64138.31,0.00011
ask,64138.91,0.00032
ask,64140.0,0.01445
ask,64142.44,0.00045
ask,64144.81,0.00132
ask,64145.3,0.00032
ask,64146.21,0.25695
ask,64149.97,0.00114
ask,64150.0,0.16705
ask,64150.88,0.00026
ask,64151.51,0.00098
ask,64151.69,0.00032
ask,64154.39,0.00021
ask,64155.68,0.00081
ask,64156.27,0.00271
ask,64158.08,0.00032
ask,64158.67,0.00018
ask,64160.0,0.00379
ask,64161.29,0.00012
ask,64162.03,0.00783
ask,64165.28,0.02406
ask,64167.29,0.2126
ask,64167.5,0.0001
ask,64167.76,0.00013
ask,64168.75,0.00105
ask,64168.98,0.00284
ask,64171.69,0.00338
ask,64172.34,0.00009
ask,64176.0,0.00008
ask,64177.25,0.00044
ask,64180.96,0.02057
ask,64182.98,0.16435
ask,64183.33,0.00043
ask,64183.41,0.00201
ask,64190.36,3.0
ask,64190.85,0.00009
ask,64192.6,0.00299
ask,64193.19,0.20701
ask,64194.47,0.00065
ask,64194.79,0.00282
ask,64195.79,0.00297
ask,64197.3,0.00015
ask,64200.0,7.74029
ask,64200.83,0.00023
ask,64206.95,0.00012
ask,64208.63,0.00015
ask,64209.51,0.00015
ask,64210.17,0.00035
ask,64213.64,0.00064
ask,64219.16,0.0007
ask,64220.97,0.00035
ask,64220.99,0.00008
ask,64221.98,0.00041
ask,64223.94,0.00009
ask,64224.0,0.00008
ask,64225.0,0.00018
ask,64225.89,0.03742
ask,64226.09,0.001
ask,64226.52,0.00009
ask,64227.91,0.16186
ask,64227.92,0.00205
ask,64234.13,0.00013
ask,64236.0,0.00166
ask,64238.19,0.00012
ask,64238.67,0.00725
ask,64245.68,0.00046
ask,64247.54,0.00008
ask,64248.61,0.00018
ask,64249.58,0.0076
ask,64250.0,1.27488
ask,64250.01,0.0212
ask,64251.93,0.00012
ask,64254.66,0.00009
ask,64254.82,0.00078
ask,64257.93,0.00011
ask,64261.38,0.02307
ask,64270.85,0.02568
ask,64272.87,0.18525
ask,64272.88,0.00235
ask,64273.5,0.00058
ask,64278.74,0.00008
ask,64279.05,0.0001
ask,64283.64,0.00831
ask,64283.78,0.00014
ask,64284.2,0.00032
ask,64287.62,0.00063
ask,64290.27,0.00008
ask,64294.52,0.00009
ask,64294.99,0.02427
ask,64300.0,15.97429
ask,64301.12,0.00014
ask,64304.35,0.00011
ask,64305.43,0.00058
ask,64305.57,0.00029
ask,64305.69,0.00048
ask,64307.45,0.0001
ask,64312.51,0.00023
ask,64315.09,0.00177
ask,64315.84,0.02941
ask,64317.87,0.21214
ask,64317.88,0.00269
ask,64318.46,0.00009
ask,64320.07,0.00279
ask,64326.36,0.00098
ask,64328.37,0.00009
ask,64328.64,0.00951
ask,64328.98,0.00078
ask,64333.0,0.28151
ask,64334.59,0.0007
ask,64337.0,0.30821
ask,64337.2,0.00868
ask,64337.3,0.00104
ask,64338.01,0.00013
ask,64338.62,0.00014
ask,64340.0,0.05205
ask,64340.1,0.06217
ask,64340.71,0.00123
ask,64341.02,0.0003
ask,64341.36,0.00052
ask,64342.08,0.00079
ask,64345.39,0.00011
ask,64345.41,0.00072
ask,64347.97,0.00008
ask,64349.39,0.00022
ask,64349.63,0.00012
ask,64353.16,0.00016
ask,64355.0,0.60619
ask,64356.14,0.0031
ask,64357.37,0.00127
ask,64358.82,0.00008
ask,64360.87,0.03368
ask,64362.9,0.24292
ask,64362.91,0.00308
ask,64373.68,0.01089
ask,64374.36,0.00521
ask,64374.81,0.00029
ask,64378.01,0.00008
ask,64379.0,0.10524
ask,64380.0,0.5762
ask,64380.5,0.00038
ask,64380.71,0.00008
ask,64382.98,0.00014
ask,64383.66,0.00009
ask,64384.61,0.00018
ask,64384.74,0.00682
ask,64384.75,0.0001
ask,64385.04,0.03183
ask,64385.38,0.00014
ask,64387.0,0.03976
ask,64390.34,0.00029
ask,64392.36,0.00009
ask,64397.0,0.15536
ask,64397.7,0.00037
ask,64400.0,11.41415
ask,64404.14,0.00012
ask,64405.93,0.00908
ask,64406.48,0.00012
ask,64407.96,0.27824
ask,64407.97,0.00356
ask,64408.09,0.0006
ask,64408.24,0.00015
ask,64409.09,0.00079
ask,64415.33,0.00014
ask,64416.73,0.00227
ask,64418.57,11.655
ask,64418.75,0.0125
ask,64420.27,0.0076
ask,64420.81,0.00338
ask,64422.11,0.0001
ask,64422.63,0.00009
ask,64424.29,0.00777
ask,64425.78,0.00009
ask,64426.67,0.00366
ask,64428.43,0.00009
ask,64430.11,0.03648
ask,64433.33,0.01654
ask,64435.18,0.00013
ask,64440.0,0.23329
ask,64444.01,0.00016
ask,64448.86,0.00039
ask,64449.0,0.44095
ask,64451.77,0.00042
ask,64452.98,0.0001
ask,64453.0,0.00175
ask,64453.33,0.00041
ask,64461.9,0.00023
ask,64462.05,0.25568
ask,64462.19,0.0002
ask,64465.99,0.00085
ask,64466.0,0.01164
ask,64466.15,0.00022
ask,64467.51,0.00058
ask,64468.78,0.00226
ask,64470.3,0.00021
ask,64470.7,0.00008
ask,64485.71,0.00032
ask,64486.12,0.00016
ask,64496.62,0.0145
ask,64500.0,37.35559
ask,64501.0,0.00391
ask,64502.0,0.01116
ask,64502.02,0.03374
ask,64508.68,0.00012
ask,64530.0,0.00988
ask,64550.0,0.92058
ask,64555.0,0.00225
ask,64578.88,0.00947
ask,64591.1,0.00597
ask,64600.0,10.65305
ask,64616.19,0.03885
ask,64619.25,0.01198
ask,64623.17,0.00279
ask,64625.0,0.00694
ask,64628.45,0.00015
ask,64655.5,0.00029
ask,64659.0,0.00015
ask,64659.56,0.00009
ask,64665.65,0.0001
ask,64668.9,0.0001
ask,64671.08,0.0001
ask,64688.0,0.01017
ask,64696.12,0.00009
ask,64700.0,5.58454
ask,64706.25,0.00015
ask,64708.34,0.00025
ask,64716.4,0.00019
ask,64721.79,0.00592
ask,64727.35,0.00063
ask,64730.66,0.00035
ask,64750.0,0.49113
ask,64755.83,0.00047
ask,64773.63,0.00374
ask,64774.0,0.00734
ask,64775.29,0.00009
ask,64777.89,0.25434
ask,64785.42,0.00025
ask,64787.07,0.00009
ask,64791.51,0.00009
ask,64796.9,0.03086
ask,64797.07,0.00014
ask,64800.0,7.59203
ask,64805.72,0.00015
ask,64807.75,0.00242
ask,64811.34,0.00472
ask,64813.7,0.00009
ask,64813.84,0.00009
ask,64816.49,0.00009
ask,64817.37,0.00035
ask,64823.37,0.94044
ask,64830.97,0.00011
ask,64834.19,0.00023
ask,64874.37,0.00016
ask,64901.23,0.00009
ask,64927.7,0.00453
ask,64954.38,0.00223
ask,64990.0,6.07152
ask,64996.0,0.07935
ask,64996.9,0.06154
ask,65000.0,54.84199
ask,65087.11,0.00028
ask,65093.73,0.25315
ask,65097.43,0.00015
ask,65111.0,0.20152
ask,65170.68,0.00016
ask,65209.13,0.00109
ask,65233.66,0.00279
ask,65245.17,0.00063
ask,65258.77,0.00221
ask,65300.0,13.09236
ask,65350.0,1.32169
ask,65400.0,16.75097
ask,65409.57,0.25193
ask,65500.0,51.61581
ask,65500.01,0.01128
ask,65520.0,0.06226
ask,65541.06,0.00279
ask,65550.0,0.98774
ask,65600.0,8.25294
ask,65665.6,0.00047
ask,65725.42,0.25071
ask,65767.13,0.00062
ask,65849.92,0.00279
ask,65850.0,2.05936
ask,65900.0,7.87466
ask,65955.0,0.04063
ask,65964.0,0.00024
ask,66000.0,68.46902
ask,66041.26,0.24955
ask,66125.26,0.00046
ask,66160.23,0.00432
ask,66293.26,0.00062
ask,66357.1,0.24836
ask,66400.0,7.63879
ask,66472.0,0.00279
ask,66476.36,0.00399
ask,66500.0,18.24802
ask,66588.14,0.00046
ask,66640.0,0.08288
ask,66666.0,2.78248
ask,66666.66,0.09658
ask,66672.94,0.24718
ask,66785.24,0.00279
ask,66823.61,0.00061
ask,66900.0,6.31444
ask,66950.0,2.6427
ask,66975.28,0.0001
ask,66975.42,0.0001
ask,66977.01,0.0002
ask,66977.47,0.0001
ask,66988.78,0.24601
ask,67000.0,87.11138
ask,67027.81,0.0001
ask,67029.72,0.00012
ask,67054.26,0.00046
ask,67099.96,0.00279
ask,67187.91,0.00016
ask,67304.63,0.24528
ask,67358.2,0.00061
ask,67359.65,0.00015
ask,67416.16,0.00453
ask,67500.0,30.71689
ask,67523.64,0.00045
ask,67620.47,0.24378
ask,67630.0,0.00152
ask,67654.0,0.0078
ask,67733.85,0.00279
ask,67890.0,45.90128
ask,67897.06,0.0006
ask,67936.31,0.24267
ask,67996.31,0.00045
ask,67998.0,0.0484
ask,68000.0,77.15775
ask,68053.04,0.00279
ask,68252.15,0.24156
ask,68333.33,0.05492
ask,68373.73,0.00279
ask,68422.58,0.0064
ask,68472.29,0.00045
ask,68500.0,13.08345
ask,68568.0,0.24087
ask,68630.0,0.00145
ask,68666.66,0.03887
ask,68695.93,0.00432
ask,68721.0,0.06274
ask,68777.0,0.10792
ask,69019.65,0.00279
ask,69344.9,0.00279
ask,69671.68,0.00279
ask,69998.0,3.01187
ask,69999.0,1.35127
ask,70000.0,88.30806
ask,70561.6,0.00009
ask,71287.62,0.00021
ask,71287.63,0.00925
ask,72000.0,61.64239
ask,72999.0,0.36902
ask,74000.0,12.98563
ask,79688.56,0.04197
ask,80000.0,65.8388
ask,82900.0,0.81801
ask,83235.18,0.00169
ask,83450.0,0.26036
ask,84000.0,15.34063
ask,85260.0,0.00716
ask,85800.0,0.3589
ask,85990.77,0.17019
ask,86422.88,0.1891
ask,86500.0,4.75821
ask,88333.33,0.01898
ask,96666.66,0.04609
ask,105000.0,22.79419
ask,113333.33,0.40028
ask,121666.66,0.04885
ask,122000.0,19.68429
ask,127500.0,5.39931
ask,130000.0,114.87638
